filename,speaker_id,gender,fold,emotion_name,y_true,y_pred,correct
03-01-01-01-01-01-02.wav,Actor_02,female,0,neutral,0,0,1
03-01-01-01-01-02-02.wav,Actor_02,female,0,neutral,0,2,0
03-01-01-01-02-01-02.wav,Actor_02,female,0,neutral,0,2,0
03-01-01-01-02-02-02.wav,Actor_02,female,0,neutral,0,2,0
03-01-02-01-01-01-02.wav,Actor_02,female,0,calm,1,0,0
03-01-02-01-01-02-02.wav,Actor_02,female,0,calm,1,3,0
03-01-02-02-01-01-02.wav,Actor_02,female,0,calm,1,1,1
03-01-02-02-01-02-02.wav,Actor_02,female,0,calm,1,1,1
03-01-02-01-02-01-02.wav,Actor_02,female,0,calm,1,1,1
03-01-02-01-02-02-02.wav,Actor_02,female,0,calm,1,1,1
03-01-02-02-02-01-02.wav,Actor_02,female,0,calm,1,1,1
03-01-02-02-02-02-02.wav,Actor_02,female,0,calm,1,1,1
03-01-03-01-01-01-02.wav,Actor_02,female,0,happy,2,2,1
03-01-03-01-01-02-02.wav,Actor_02,female,0,happy,2,2,1
03-01-03-02-01-01-02.wav,Actor_02,female,0,happy,2,5,0
03-01-03-02-01-02-02.wav,Actor_02,female,0,happy,2,2,1
03-01-03-01-02-01-02.wav,Actor_02,female,0,happy,2,4,0
03-01-03-01-02-02-02.wav,Actor_02,female,0,happy,2,4,0
03-01-03-02-02-01-02.wav,Actor_02,female,0,happy,2,4,0
03-01-03-02-02-02-02.wav,Actor_02,female,0,happy,2,4,0
03-01-04-01-01-01-02.wav,Actor_02,female,0,sad,3,1,0
03-01-04-01-01-02-02.wav,Actor_02,female,0,sad,3,3,1
03-01-04-02-01-01-02.wav,Actor_02,female,0,sad,3,3,1
03-01-04-02-01-02-02.wav,Actor_02,female,0,sad,3,6,0
03-01-04-01-02-01-02.wav,Actor_02,female,0,sad,3,1,0
03-01-04-01-02-02-02.wav,Actor_02,female,0,sad,3,1,0
03-01-04-02-02-01-02.wav,Actor_02,female,0,sad,3,2,0
03-01-04-02-02-02-02.wav,Actor_02,female,0,sad,3,2,0
03-01-05-01-01-01-02.wav,Actor_02,female,0,angry,4,6,0
03-01-05-01-01-02-02.wav,Actor_02,female,0,angry,4,4,1
03-01-05-02-01-01-02.wav,Actor_02,female,0,angry,4,4,1
03-01-05-02-01-02-02.wav,Actor_02,female,0,angry,4,4,1
03-01-05-01-02-01-02.wav,Actor_02,female,0,angry,4,4,1
03-01-05-01-02-02-02.wav,Actor_02,female,0,angry,4,6,0
03-01-05-02-02-01-02.wav,Actor_02,female,0,angry,4,4,1
03-01-05-02-02-02-02.wav,Actor_02,female,0,angry,4,4,1
03-01-06-01-01-01-02.wav,Actor_02,female,0,fearful,5,5,1
03-01-06-01-01-02-02.wav,Actor_02,female,0,fearful,5,3,0
03-01-06-02-01-01-02.wav,Actor_02,female,0,fearful,5,3,0
03-01-06-02-01-02-02.wav,Actor_02,female,0,fearful,5,5,1
03-01-06-01-02-01-02.wav,Actor_02,female,0,fearful,5,3,0
03-01-06-01-02-02-02.wav,Actor_02,female,0,fearful,5,3,0
03-01-06-02-02-01-02.wav,Actor_02,female,0,fearful,5,5,1
03-01-06-02-02-02-02.wav,Actor_02,female,0,fearful,5,5,1
03-01-07-01-01-01-02.wav,Actor_02,female,0,disgust,6,6,1
03-01-07-01-01-02-02.wav,Actor_02,female,0,disgust,6,3,0
03-01-07-02-01-01-02.wav,Actor_02,female,0,disgust,6,6,1
03-01-07-02-01-02-02.wav,Actor_02,female,0,disgust,6,6,1
03-01-07-01-02-01-02.wav,Actor_02,female,0,disgust,6,6,1
03-01-07-01-02-02-02.wav,Actor_02,female,0,disgust,6,6,1
03-01-07-02-02-01-02.wav,Actor_02,female,0,disgust,6,6,1
03-01-07-02-02-02-02.wav,Actor_02,female,0,disgust,6,6,1
03-01-08-01-01-01-02.wav,Actor_02,female,0,surprised,7,7,1
03-01-08-01-01-02-02.wav,Actor_02,female,0,surprised,7,7,1
03-01-08-02-01-01-02.wav,Actor_02,female,0,surprised,7,7,1
03-01-08-02-01-02-02.wav,Actor_02,female,0,surprised,7,7,1
03-01-08-01-02-01-02.wav,Actor_02,female,0,surprised,7,7,1
03-01-08-01-02-02-02.wav,Actor_02,female,0,surprised,7,7,1
03-01-08-02-02-01-02.wav,Actor_02,female,0,surprised,7,7,1
03-01-08-02-02-02-02.wav,Actor_02,female,0,surprised,7,7,1
03-01-01-01-01-01-05.wav,Actor_05,male,0,neutral,0,0,1
03-01-01-01-01-02-05.wav,Actor_05,male,0,neutral,0,1,0
03-01-01-01-02-01-05.wav,Actor_05,male,0,neutral,0,0,1
03-01-01-01-02-02-05.wav,Actor_05,male,0,neutral,0,3,0
03-01-02-01-01-01-05.wav,Actor_05,male,0,calm,1,1,1
03-01-02-01-01-02-05.wav,Actor_05,male,0,calm,1,1,1
03-01-02-02-01-01-05.wav,Actor_05,male,0,calm,1,1,1
03-01-02-02-01-02-05.wav,Actor_05,male,0,calm,1,1,1
03-01-02-01-02-01-05.wav,Actor_05,male,0,calm,1,1,1
03-01-02-01-02-02-05.wav,Actor_05,male,0,calm,1,1,1
03-01-02-02-02-01-05.wav,Actor_05,male,0,calm,1,1,1
03-01-02-02-02-02-05.wav,Actor_05,male,0,calm,1,1,1
03-01-03-01-01-01-05.wav,Actor_05,male,0,happy,2,1,0
03-01-03-01-01-02-05.wav,Actor_05,male,0,happy,2,7,0
03-01-03-02-01-01-05.wav,Actor_05,male,0,happy,2,6,0
03-01-03-02-01-02-05.wav,Actor_05,male,0,happy,2,4,0
03-01-03-01-02-01-05.wav,Actor_05,male,0,happy,2,3,0
03-01-03-01-02-02-05.wav,Actor_05,male,0,happy,2,4,0
03-01-03-02-02-01-05.wav,Actor_05,male,0,happy,2,4,0
03-01-03-02-02-02-05.wav,Actor_05,male,0,happy,2,4,0
03-01-04-01-01-01-05.wav,Actor_05,male,0,sad,3,3,1
03-01-04-01-01-02-05.wav,Actor_05,male,0,sad,3,1,0
03-01-04-02-01-01-05.wav,Actor_05,male,0,sad,3,7,0
03-01-04-02-01-02-05.wav,Actor_05,male,0,sad,3,0,0
03-01-04-01-02-01-05.wav,Actor_05,male,0,sad,3,0,0
03-01-04-01-02-02-05.wav,Actor_05,male,0,sad,3,1,0
03-01-04-02-02-01-05.wav,Actor_05,male,0,sad,3,0,0
03-01-04-02-02-02-05.wav,Actor_05,male,0,sad,3,0,0
03-01-05-01-01-01-05.wav,Actor_05,male,0,angry,4,4,1
03-01-05-01-01-02-05.wav,Actor_05,male,0,angry,4,4,1
03-01-05-02-01-01-05.wav,Actor_05,male,0,angry,4,4,1
03-01-05-02-01-02-05.wav,Actor_05,male,0,angry,4,4,1
03-01-05-01-02-01-05.wav,Actor_05,male,0,angry,4,6,0
03-01-05-01-02-02-05.wav,Actor_05,male,0,angry,4,6,0
03-01-05-02-02-01-05.wav,Actor_05,male,0,angry,4,4,1
03-01-05-02-02-02-05.wav,Actor_05,male,0,angry,4,4,1
03-01-06-01-01-01-05.wav,Actor_05,male,0,fearful,5,7,0
03-01-06-01-01-02-05.wav,Actor_05,male,0,fearful,5,7,0
03-01-06-02-01-01-05.wav,Actor_05,male,0,fearful,5,2,0
03-01-06-02-01-02-05.wav,Actor_05,male,0,fearful,5,4,0
03-01-06-01-02-01-05.wav,Actor_05,male,0,fearful,5,0,0
03-01-06-01-02-02-05.wav,Actor_05,male,0,fearful,5,7,0
03-01-06-02-02-01-05.wav,Actor_05,male,0,fearful,5,2,0
03-01-06-02-02-02-05.wav,Actor_05,male,0,fearful,5,2,0
03-01-07-01-01-01-05.wav,Actor_05,male,0,disgust,6,3,0
03-01-07-01-01-02-05.wav,Actor_05,male,0,disgust,6,6,1
03-01-07-02-01-01-05.wav,Actor_05,male,0,disgust,6,6,1
03-01-07-02-01-02-05.wav,Actor_05,male,0,disgust,6,6,1
03-01-07-01-02-01-05.wav,Actor_05,male,0,disgust,6,1,0
03-01-07-01-02-02-05.wav,Actor_05,male,0,disgust,6,6,1
03-01-07-02-02-01-05.wav,Actor_05,male,0,disgust,6,6,1
03-01-07-02-02-02-05.wav,Actor_05,male,0,disgust,6,6,1
03-01-08-01-01-01-05.wav,Actor_05,male,0,surprised,7,7,1
03-01-08-01-01-02-05.wav,Actor_05,male,0,surprised,7,7,1
03-01-08-02-01-01-05.wav,Actor_05,male,0,surprised,7,6,0
03-01-08-02-01-02-05.wav,Actor_05,male,0,surprised,7,6,0
03-01-08-01-02-01-05.wav,Actor_05,male,0,surprised,7,7,1
03-01-08-01-02-02-05.wav,Actor_05,male,0,surprised,7,7,1
03-01-08-02-02-01-05.wav,Actor_05,male,0,surprised,7,7,1
03-01-08-02-02-02-05.wav,Actor_05,male,0,surprised,7,7,1
03-01-01-01-01-01-07.wav,Actor_07,male,0,neutral,0,1,0
03-01-01-01-01-02-07.wav,Actor_07,male,0,neutral,0,1,0
03-01-01-01-02-01-07.wav,Actor_07,male,0,neutral,0,1,0
03-01-01-01-02-02-07.wav,Actor_07,male,0,neutral,0,1,0
03-01-02-01-01-01-07.wav,Actor_07,male,0,calm,1,0,0
03-01-02-01-01-02-07.wav,Actor_07,male,0,calm,1,1,1
03-01-02-02-01-01-07.wav,Actor_07,male,0,calm,1,1,1
03-01-02-02-01-02-07.wav,Actor_07,male,0,calm,1,1,1
03-01-02-01-02-01-07.wav,Actor_07,male,0,calm,1,1,1
03-01-02-01-02-02-07.wav,Actor_07,male,0,calm,1,1,1
03-01-02-02-02-01-07.wav,Actor_07,male,0,calm,1,1,1
03-01-02-02-02-02-07.wav,Actor_07,male,0,calm,1,1,1
03-01-03-01-01-01-07.wav,Actor_07,male,0,happy,2,1,0
03-01-03-01-01-02-07.wav,Actor_07,male,0,happy,2,0,0
03-01-03-02-01-01-07.wav,Actor_07,male,0,happy,2,6,0
03-01-03-02-01-02-07.wav,Actor_07,male,0,happy,2,4,0
03-01-03-01-02-01-07.wav,Actor_07,male,0,happy,2,7,0
03-01-03-01-02-02-07.wav,Actor_07,male,0,happy,2,7,0
03-01-03-02-02-01-07.wav,Actor_07,male,0,happy,2,6,0
03-01-03-02-02-02-07.wav,Actor_07,male,0,happy,2,4,0
03-01-04-01-01-01-07.wav,Actor_07,male,0,sad,3,0,0
03-01-04-01-01-02-07.wav,Actor_07,male,0,sad,3,1,0
03-01-04-02-01-01-07.wav,Actor_07,male,0,sad,3,6,0
03-01-04-02-01-02-07.wav,Actor_07,male,0,sad,3,6,0
03-01-04-01-02-01-07.wav,Actor_07,male,0,sad,3,1,0
03-01-04-01-02-02-07.wav,Actor_07,male,0,sad,3,6,0
03-01-04-02-02-01-07.wav,Actor_07,male,0,sad,3,6,0
03-01-04-02-02-02-07.wav,Actor_07,male,0,sad,3,6,0
03-01-05-01-01-01-07.wav,Actor_07,male,0,angry,4,4,1
03-01-05-01-01-02-07.wav,Actor_07,male,0,angry,4,4,1
03-01-05-02-01-01-07.wav,Actor_07,male,0,angry,4,4,1
03-01-05-02-01-02-07.wav,Actor_07,male,0,angry,4,4,1
03-01-05-01-02-01-07.wav,Actor_07,male,0,angry,4,6,0
03-01-05-01-02-02-07.wav,Actor_07,male,0,angry,4,6,0
03-01-05-02-02-01-07.wav,Actor_07,male,0,angry,4,4,1
03-01-05-02-02-02-07.wav,Actor_07,male,0,angry,4,4,1
03-01-06-01-01-01-07.wav,Actor_07,male,0,fearful,5,3,0
03-01-06-01-01-02-07.wav,Actor_07,male,0,fearful,5,5,1
03-01-06-02-01-01-07.wav,Actor_07,male,0,fearful,5,5,1
03-01-06-02-01-02-07.wav,Actor_07,male,0,fearful,5,5,1
03-01-06-01-02-01-07.wav,Actor_07,male,0,fearful,5,2,0
03-01-06-01-02-02-07.wav,Actor_07,male,0,fearful,5,2,0
03-01-06-02-02-01-07.wav,Actor_07,male,0,fearful,5,2,0
03-01-06-02-02-02-07.wav,Actor_07,male,0,fearful,5,2,0
03-01-07-01-01-01-07.wav,Actor_07,male,0,disgust,6,6,1
03-01-07-01-01-02-07.wav,Actor_07,male,0,disgust,6,6,1
03-01-07-02-01-01-07.wav,Actor_07,male,0,disgust,6,6,1
03-01-07-02-01-02-07.wav,Actor_07,male,0,disgust,6,6,1
03-01-07-01-02-01-07.wav,Actor_07,male,0,disgust,6,6,1
03-01-07-01-02-02-07.wav,Actor_07,male,0,disgust,6,6,1
03-01-07-02-02-01-07.wav,Actor_07,male,0,disgust,6,6,1
03-01-07-02-02-02-07.wav,Actor_07,male,0,disgust,6,6,1
03-01-08-01-01-01-07.wav,Actor_07,male,0,surprised,7,7,1
03-01-08-01-01-02-07.wav,Actor_07,male,0,surprised,7,7,1
03-01-08-02-01-01-07.wav,Actor_07,male,0,surprised,7,4,0
03-01-08-02-01-02-07.wav,Actor_07,male,0,surprised,7,6,0
03-01-08-01-02-01-07.wav,Actor_07,male,0,surprised,7,7,1
03-01-08-01-02-02-07.wav,Actor_07,male,0,surprised,7,7,1
03-01-08-02-02-01-07.wav,Actor_07,male,0,surprised,7,7,1
03-01-08-02-02-02-07.wav,Actor_07,male,0,surprised,7,7,1
03-01-01-01-01-01-08.wav,Actor_08,female,0,neutral,0,0,1
03-01-01-01-01-02-08.wav,Actor_08,female,0,neutral,0,0,1
03-01-01-01-02-01-08.wav,Actor_08,female,0,neutral,0,0,1
03-01-01-01-02-02-08.wav,Actor_08,female,0,neutral,0,0,1
03-01-02-01-01-01-08.wav,Actor_08,female,0,calm,1,1,1
03-01-02-01-01-02-08.wav,Actor_08,female,0,calm,1,0,0
03-01-02-02-01-01-08.wav,Actor_08,female,0,calm,1,1,1
03-01-02-02-01-02-08.wav,Actor_08,female,0,calm,1,1,1
03-01-02-01-02-01-08.wav,Actor_08,female,0,calm,1,0,0
03-01-02-01-02-02-08.wav,Actor_08,female,0,calm,1,0,0
03-01-02-02-02-01-08.wav,Actor_08,female,0,calm,1,1,1
03-01-02-02-02-02-08.wav,Actor_08,female,0,calm,1,1,1
03-01-03-01-01-01-08.wav,Actor_08,female,0,happy,2,2,1
03-01-03-01-01-02-08.wav,Actor_08,female,0,happy,2,2,1
03-01-03-02-01-01-08.wav,Actor_08,female,0,happy,2,2,1
03-01-03-02-01-02-08.wav,Actor_08,female,0,happy,2,4,0
03-01-03-01-02-01-08.wav,Actor_08,female,0,happy,2,0,0
03-01-03-01-02-02-08.wav,Actor_08,female,0,happy,2,2,1
03-01-03-02-02-01-08.wav,Actor_08,female,0,happy,2,4,0
03-01-03-02-02-02-08.wav,Actor_08,female,0,happy,2,4,0
03-01-04-01-01-01-08.wav,Actor_08,female,0,sad,3,3,1
03-01-04-01-01-02-08.wav,Actor_08,female,0,sad,3,1,0
03-01-04-02-01-01-08.wav,Actor_08,female,0,sad,3,2,0
03-01-04-02-01-02-08.wav,Actor_08,female,0,sad,3,3,1
03-01-04-01-02-01-08.wav,Actor_08,female,0,sad,3,0,0
03-01-04-01-02-02-08.wav,Actor_08,female,0,sad,3,1,0
03-01-04-02-02-01-08.wav,Actor_08,female,0,sad,3,0,0
03-01-04-02-02-02-08.wav,Actor_08,female,0,sad,3,3,1
03-01-05-01-01-01-08.wav,Actor_08,female,0,angry,4,2,0
03-01-05-01-01-02-08.wav,Actor_08,female,0,angry,4,2,0
03-01-05-02-01-01-08.wav,Actor_08,female,0,angry,4,4,1
03-01-05-02-01-02-08.wav,Actor_08,female,0,angry,4,4,1
03-01-05-01-02-01-08.wav,Actor_08,female,0,angry,4,2,0
03-01-05-01-02-02-08.wav,Actor_08,female,0,angry,4,2,0
03-01-05-02-02-01-08.wav,Actor_08,female,0,angry,4,4,1
03-01-05-02-02-02-08.wav,Actor_08,female,0,angry,4,4,1
03-01-06-01-01-01-08.wav,Actor_08,female,0,fearful,5,6,0
03-01-06-01-01-02-08.wav,Actor_08,female,0,fearful,5,5,1
03-01-06-02-01-01-08.wav,Actor_08,female,0,fearful,5,5,1
03-01-06-02-01-02-08.wav,Actor_08,female,0,fearful,5,5,1
03-01-06-01-02-01-08.wav,Actor_08,female,0,fearful,5,2,0
03-01-06-01-02-02-08.wav,Actor_08,female,0,fearful,5,2,0
03-01-06-02-02-01-08.wav,Actor_08,female,0,fearful,5,5,1
03-01-06-02-02-02-08.wav,Actor_08,female,0,fearful,5,5,1
03-01-07-01-01-01-08.wav,Actor_08,female,0,disgust,6,6,1
03-01-07-01-01-02-08.wav,Actor_08,female,0,disgust,6,6,1
03-01-07-02-01-01-08.wav,Actor_08,female,0,disgust,6,6,1
03-01-07-02-01-02-08.wav,Actor_08,female,0,disgust,6,6,1
03-01-07-01-02-01-08.wav,Actor_08,female,0,disgust,6,6,1
03-01-07-01-02-02-08.wav,Actor_08,female,0,disgust,6,6,1
03-01-07-02-02-01-08.wav,Actor_08,female,0,disgust,6,3,0
03-01-07-02-02-02-08.wav,Actor_08,female,0,disgust,6,6,1
03-01-08-01-01-01-08.wav,Actor_08,female,0,surprised,7,7,1
03-01-08-01-01-02-08.wav,Actor_08,female,0,surprised,7,7,1
03-01-08-02-01-01-08.wav,Actor_08,female,0,surprised,7,7,1
03-01-08-02-01-02-08.wav,Actor_08,female,0,surprised,7,7,1
03-01-08-01-02-01-08.wav,Actor_08,female,0,surprised,7,7,1
03-01-08-01-02-02-08.wav,Actor_08,female,0,surprised,7,7,1
03-01-08-02-02-01-08.wav,Actor_08,female,0,surprised,7,7,1
03-01-08-02-02-02-08.wav,Actor_08,female,0,surprised,7,7,1
03-01-01-01-01-01-21.wav,Actor_21,male,0,neutral,0,6,0
03-01-01-01-01-02-21.wav,Actor_21,male,0,neutral,0,6,0
03-01-01-01-02-01-21.wav,Actor_21,male,0,neutral,0,3,0
03-01-01-01-02-02-21.wav,Actor_21,male,0,neutral,0,6,0
03-01-02-01-01-01-21.wav,Actor_21,male,0,calm,1,1,1
03-01-02-01-01-02-21.wav,Actor_21,male,0,calm,1,1,1
03-01-02-02-01-01-21.wav,Actor_21,male,0,calm,1,1,1
03-01-02-02-01-02-21.wav,Actor_21,male,0,calm,1,1,1
03-01-02-01-02-01-21.wav,Actor_21,male,0,calm,1,1,1
03-01-02-01-02-02-21.wav,Actor_21,male,0,calm,1,1,1
03-01-02-02-02-01-21.wav,Actor_21,male,0,calm,1,6,0
03-01-02-02-02-02-21.wav,Actor_21,male,0,calm,1,1,1
03-01-03-01-01-01-21.wav,Actor_21,male,0,happy,2,1,0
03-01-03-01-01-02-21.wav,Actor_21,male,0,happy,2,2,1
03-01-03-02-01-01-21.wav,Actor_21,male,0,happy,2,4,0
03-01-03-02-01-02-21.wav,Actor_21,male,0,happy,2,4,0
03-01-03-01-02-01-21.wav,Actor_21,male,0,happy,2,4,0
03-01-03-01-02-02-21.wav,Actor_21,male,0,happy,2,4,0
03-01-03-02-02-01-21.wav,Actor_21,male,0,happy,2,4,0
03-01-03-02-02-02-21.wav,Actor_21,male,0,happy,2,4,0
03-01-04-01-01-01-21.wav,Actor_21,male,0,sad,3,6,0
03-01-04-01-01-02-21.wav,Actor_21,male,0,sad,3,1,0
03-01-04-02-01-01-21.wav,Actor_21,male,0,sad,3,6,0
03-01-04-02-01-02-21.wav,Actor_21,male,0,sad,3,6,0
03-01-04-01-02-01-21.wav,Actor_21,male,0,sad,3,6,0
03-01-04-01-02-02-21.wav,Actor_21,male,0,sad,3,6,0
03-01-04-02-02-01-21.wav,Actor_21,male,0,sad,3,6,0
03-01-04-02-02-02-21.wav,Actor_21,male,0,sad,3,6,0
03-01-05-01-01-01-21.wav,Actor_21,male,0,angry,4,4,1
03-01-05-01-01-02-21.wav,Actor_21,male,0,angry,4,4,1
03-01-05-02-01-01-21.wav,Actor_21,male,0,angry,4,4,1
03-01-05-02-01-02-21.wav,Actor_21,male,0,angry,4,4,1
03-01-05-01-02-01-21.wav,Actor_21,male,0,angry,4,4,1
03-01-05-01-02-02-21.wav,Actor_21,male,0,angry,4,4,1
03-01-05-02-02-01-21.wav,Actor_21,male,0,angry,4,4,1
03-01-05-02-02-02-21.wav,Actor_21,male,0,angry,4,4,1
03-01-06-01-01-01-21.wav,Actor_21,male,0,fearful,5,6,0
03-01-06-01-01-02-21.wav,Actor_21,male,0,fearful,5,6,0
03-01-06-02-01-01-21.wav,Actor_21,male,0,fearful,5,6,0
03-01-06-02-01-02-21.wav,Actor_21,male,0,fearful,5,6,0
03-01-06-01-02-01-21.wav,Actor_21,male,0,fearful,5,6,0
03-01-06-01-02-02-21.wav,Actor_21,male,0,fearful,5,6,0
03-01-06-02-02-01-21.wav,Actor_21,male,0,fearful,5,4,0
03-01-06-02-02-02-21.wav,Actor_21,male,0,fearful,5,4,0
03-01-07-01-01-01-21.wav,Actor_21,male,0,disgust,6,6,1
03-01-07-01-01-02-21.wav,Actor_21,male,0,disgust,6,6,1
03-01-07-02-01-01-21.wav,Actor_21,male,0,disgust,6,6,1
03-01-07-02-01-02-21.wav,Actor_21,male,0,disgust,6,6,1
03-01-07-01-02-01-21.wav,Actor_21,male,0,disgust,6,6,1
03-01-07-01-02-02-21.wav,Actor_21,male,0,disgust,6,4,0
03-01-07-02-02-01-21.wav,Actor_21,male,0,disgust,6,6,1
03-01-07-02-02-02-21.wav,Actor_21,male,0,disgust,6,6,1
03-01-08-01-01-01-21.wav,Actor_21,male,0,surprised,7,7,1
03-01-08-01-01-02-21.wav,Actor_21,male,0,surprised,7,7,1
03-01-08-02-01-01-21.wav,Actor_21,male,0,surprised,7,4,0
03-01-08-02-01-02-21.wav,Actor_21,male,0,surprised,7,4,0
03-01-08-01-02-01-21.wav,Actor_21,male,0,surprised,7,7,1
03-01-08-01-02-02-21.wav,Actor_21,male,0,surprised,7,4,0
03-01-08-02-02-01-21.wav,Actor_21,male,0,surprised,7,7,1
03-01-08-02-02-02-21.wav,Actor_21,male,0,surprised,7,4,0
03-01-01-01-01-01-24.wav,Actor_24,female,0,neutral,0,0,1
03-01-01-01-01-02-24.wav,Actor_24,female,0,neutral,0,0,1
03-01-01-01-02-01-24.wav,Actor_24,female,0,neutral,0,0,1
03-01-01-01-02-02-24.wav,Actor_24,female,0,neutral,0,0,1
03-01-02-01-01-01-24.wav,Actor_24,female,0,calm,1,0,0
03-01-02-01-01-02-24.wav,Actor_24,female,0,calm,1,0,0
03-01-02-02-01-01-24.wav,Actor_24,female,0,calm,1,1,1
03-01-02-02-01-02-24.wav,Actor_24,female,0,calm,1,1,1
03-01-02-01-02-01-24.wav,Actor_24,female,0,calm,1,1,1
03-01-02-01-02-02-24.wav,Actor_24,female,0,calm,1,1,1
03-01-02-02-02-01-24.wav,Actor_24,female,0,calm,1,1,1
03-01-02-02-02-02-24.wav,Actor_24,female,0,calm,1,1,1
03-01-03-01-01-01-24.wav,Actor_24,female,0,happy,2,3,0
03-01-03-01-01-02-24.wav,Actor_24,female,0,happy,2,3,0
03-01-03-02-01-01-24.wav,Actor_24,female,0,happy,2,4,0
03-01-03-02-01-02-24.wav,Actor_24,female,0,happy,2,4,0
03-01-03-01-02-01-24.wav,Actor_24,female,0,happy,2,2,1
03-01-03-01-02-02-24.wav,Actor_24,female,0,happy,2,2,1
03-01-03-02-02-01-24.wav,Actor_24,female,0,happy,2,4,0
03-01-03-02-02-02-24.wav,Actor_24,female,0,happy,2,2,1
03-01-04-01-01-01-24.wav,Actor_24,female,0,sad,3,1,0
03-01-04-01-01-02-24.wav,Actor_24,female,0,sad,3,1,0
03-01-04-02-01-01-24.wav,Actor_24,female,0,sad,3,6,0
03-01-04-02-01-02-24.wav,Actor_24,female,0,sad,3,6,0
03-01-04-01-02-01-24.wav,Actor_24,female,0,sad,3,0,0
03-01-04-01-02-02-24.wav,Actor_24,female,0,sad,3,1,0
03-01-04-02-02-01-24.wav,Actor_24,female,0,sad,3,6,0
03-01-04-02-02-02-24.wav,Actor_24,female,0,sad,3,6,0
03-01-05-01-01-01-24.wav,Actor_24,female,0,angry,4,4,1
03-01-05-01-01-02-24.wav,Actor_24,female,0,angry,4,4,1
03-01-05-02-01-01-24.wav,Actor_24,female,0,angry,4,4,1
03-01-05-02-01-02-24.wav,Actor_24,female,0,angry,4,4,1
03-01-05-01-02-01-24.wav,Actor_24,female,0,angry,4,4,1
03-01-05-01-02-02-24.wav,Actor_24,female,0,angry,4,4,1
03-01-05-02-02-01-24.wav,Actor_24,female,0,angry,4,4,1
03-01-05-02-02-02-24.wav,Actor_24,female,0,angry,4,6,0
03-01-06-01-01-01-24.wav,Actor_24,female,0,fearful,5,6,0
03-01-06-01-01-02-24.wav,Actor_24,female,0,fearful,5,2,0
03-01-06-02-01-01-24.wav,Actor_24,female,0,fearful,5,4,0
03-01-06-02-01-02-24.wav,Actor_24,female,0,fearful,5,4,0
03-01-06-01-02-01-24.wav,Actor_24,female,0,fearful,5,4,0
03-01-06-01-02-02-24.wav,Actor_24,female,0,fearful,5,4,0
03-01-06-02-02-01-24.wav,Actor_24,female,0,fearful,5,5,1
03-01-06-02-02-02-24.wav,Actor_24,female,0,fearful,5,4,0
03-01-07-01-01-01-24.wav,Actor_24,female,0,disgust,6,6,1
03-01-07-01-01-02-24.wav,Actor_24,female,0,disgust,6,6,1
03-01-07-02-01-01-24.wav,Actor_24,female,0,disgust,6,6,1
03-01-07-02-01-02-24.wav,Actor_24,female,0,disgust,6,6,1
03-01-07-01-02-01-24.wav,Actor_24,female,0,disgust,6,4,0
03-01-07-01-02-02-24.wav,Actor_24,female,0,disgust,6,6,1
03-01-07-02-02-01-24.wav,Actor_24,female,0,disgust,6,6,1
03-01-07-02-02-02-24.wav,Actor_24,female,0,disgust,6,6,1
03-01-08-01-01-01-24.wav,Actor_24,female,0,surprised,7,7,1
03-01-08-01-01-02-24.wav,Actor_24,female,0,surprised,7,7,1
03-01-08-02-01-01-24.wav,Actor_24,female,0,surprised,7,7,1
03-01-08-02-01-02-24.wav,Actor_24,female,0,surprised,7,7,1
03-01-08-01-02-01-24.wav,Actor_24,female,0,surprised,7,7,1
03-01-08-01-02-02-24.wav,Actor_24,female,0,surprised,7,7,1
03-01-08-02-02-01-24.wav,Actor_24,female,0,surprised,7,7,1
03-01-08-02-02-02-24.wav,Actor_24,female,0,surprised,7,6,0
03-01-01-01-01-01-03.wav,Actor_03,male,1,neutral,0,3,0
03-01-01-01-01-02-03.wav,Actor_03,male,1,neutral,0,0,1
03-01-01-01-02-01-03.wav,Actor_03,male,1,neutral,0,2,0
03-01-01-01-02-02-03.wav,Actor_03,male,1,neutral,0,5,0
03-01-02-01-01-01-03.wav,Actor_03,male,1,calm,1,1,1
03-01-02-01-01-02-03.wav,Actor_03,male,1,calm,1,1,1
03-01-02-02-01-01-03.wav,Actor_03,male,1,calm,1,1,1
03-01-02-02-01-02-03.wav,Actor_03,male,1,calm,1,2,0
03-01-02-01-02-01-03.wav,Actor_03,male,1,calm,1,1,1
03-01-02-01-02-02-03.wav,Actor_03,male,1,calm,1,2,0
03-01-02-02-02-01-03.wav,Actor_03,male,1,calm,1,3,0
03-01-02-02-02-02-03.wav,Actor_03,male,1,calm,1,3,0
03-01-03-01-01-01-03.wav,Actor_03,male,1,happy,2,2,1
03-01-03-01-01-02-03.wav,Actor_03,male,1,happy,2,2,1
03-01-03-02-01-01-03.wav,Actor_03,male,1,happy,2,2,1
03-01-03-02-01-02-03.wav,Actor_03,male,1,happy,2,4,0
03-01-03-01-02-01-03.wav,Actor_03,male,1,happy,2,2,1
03-01-03-01-02-02-03.wav,Actor_03,male,1,happy,2,5,0
03-01-03-02-02-01-03.wav,Actor_03,male,1,happy,2,4,0
03-01-03-02-02-02-03.wav,Actor_03,male,1,happy,2,2,1
03-01-04-01-01-01-03.wav,Actor_03,male,1,sad,3,1,0
03-01-04-01-01-02-03.wav,Actor_03,male,1,sad,3,1,0
03-01-04-02-01-01-03.wav,Actor_03,male,1,sad,3,2,0
03-01-04-02-01-02-03.wav,Actor_03,male,1,sad,3,2,0
03-01-04-01-02-01-03.wav,Actor_03,male,1,sad,3,1,0
03-01-04-01-02-02-03.wav,Actor_03,male,1,sad,3,1,0
03-01-04-02-02-01-03.wav,Actor_03,male,1,sad,3,2,0
03-01-04-02-02-02-03.wav,Actor_03,male,1,sad,3,2,0
03-01-05-01-01-01-03.wav,Actor_03,male,1,angry,4,6,0
03-01-05-01-01-02-03.wav,Actor_03,male,1,angry,4,2,0
03-01-05-02-01-01-03.wav,Actor_03,male,1,angry,4,4,1
03-01-05-02-01-02-03.wav,Actor_03,male,1,angry,4,4,1
03-01-05-01-02-01-03.wav,Actor_03,male,1,angry,4,4,1
03-01-05-01-02-02-03.wav,Actor_03,male,1,angry,4,2,0
03-01-05-02-02-01-03.wav,Actor_03,male,1,angry,4,4,1
03-01-05-02-02-02-03.wav,Actor_03,male,1,angry,4,4,1
03-01-06-01-01-01-03.wav,Actor_03,male,1,fearful,5,6,0
03-01-06-01-01-02-03.wav,Actor_03,male,1,fearful,5,5,1
03-01-06-02-01-01-03.wav,Actor_03,male,1,fearful,5,5,1
03-01-06-02-01-02-03.wav,Actor_03,male,1,fearful,5,4,0
03-01-06-01-02-01-03.wav,Actor_03,male,1,fearful,5,5,1
03-01-06-01-02-02-03.wav,Actor_03,male,1,fearful,5,5,1
03-01-06-02-02-01-03.wav,Actor_03,male,1,fearful,5,5,1
03-01-06-02-02-02-03.wav,Actor_03,male,1,fearful,5,5,1
03-01-07-01-01-01-03.wav,Actor_03,male,1,disgust,6,6,1
03-01-07-01-01-02-03.wav,Actor_03,male,1,disgust,6,6,1
03-01-07-02-01-01-03.wav,Actor_03,male,1,disgust,6,6,1
03-01-07-02-01-02-03.wav,Actor_03,male,1,disgust,6,6,1
03-01-07-01-02-01-03.wav,Actor_03,male,1,disgust,6,6,1
03-01-07-01-02-02-03.wav,Actor_03,male,1,disgust,6,6,1
03-01-07-02-02-01-03.wav,Actor_03,male,1,disgust,6,6,1
03-01-07-02-02-02-03.wav,Actor_03,male,1,disgust,6,7,0
03-01-08-01-01-01-03.wav,Actor_03,male,1,surprised,7,5,0
03-01-08-01-01-02-03.wav,Actor_03,male,1,surprised,7,7,1
03-01-08-02-01-01-03.wav,Actor_03,male,1,surprised,7,7,1
03-01-08-02-01-02-03.wav,Actor_03,male,1,surprised,7,7,1
03-01-08-01-02-01-03.wav,Actor_03,male,1,surprised,7,7,1
03-01-08-01-02-02-03.wav,Actor_03,male,1,surprised,7,7,1
03-01-08-02-02-01-03.wav,Actor_03,male,1,surprised,7,7,1
03-01-08-02-02-02-03.wav,Actor_03,male,1,surprised,7,7,1
03-01-01-01-01-01-10.wav,Actor_10,female,1,neutral,0,2,0
03-01-01-01-01-02-10.wav,Actor_10,female,1,neutral,0,3,0
03-01-01-01-02-01-10.wav,Actor_10,female,1,neutral,0,2,0
03-01-01-01-02-02-10.wav,Actor_10,female,1,neutral,0,3,0
03-01-02-01-01-01-10.wav,Actor_10,female,1,calm,1,3,0
03-01-02-01-01-02-10.wav,Actor_10,female,1,calm,1,2,0
03-01-02-02-01-01-10.wav,Actor_10,female,1,calm,1,5,0
03-01-02-02-01-02-10.wav,Actor_10,female,1,calm,1,3,0
03-01-02-01-02-01-10.wav,Actor_10,female,1,calm,1,5,0
03-01-02-01-02-02-10.wav,Actor_10,female,1,calm,1,5,0
03-01-02-02-02-01-10.wav,Actor_10,female,1,calm,1,3,0
03-01-02-02-02-02-10.wav,Actor_10,female,1,calm,1,1,1
03-01-03-01-01-01-10.wav,Actor_10,female,1,happy,2,2,1
03-01-03-01-01-02-10.wav,Actor_10,female,1,happy,2,2,1
03-01-03-02-01-01-10.wav,Actor_10,female,1,happy,2,2,1
03-01-03-02-01-02-10.wav,Actor_10,female,1,happy,2,5,0
03-01-03-01-02-01-10.wav,Actor_10,female,1,happy,2,5,0
03-01-03-01-02-02-10.wav,Actor_10,female,1,happy,2,5,0
03-01-03-02-02-01-10.wav,Actor_10,female,1,happy,2,5,0
03-01-03-02-02-02-10.wav,Actor_10,female,1,happy,2,5,0
03-01-04-01-01-01-10.wav,Actor_10,female,1,sad,3,1,0
03-01-04-01-01-02-10.wav,Actor_10,female,1,sad,3,3,1
03-01-04-02-01-01-10.wav,Actor_10,female,1,sad,3,2,0
03-01-04-02-01-02-10.wav,Actor_10,female,1,sad,3,3,1
03-01-04-01-02-01-10.wav,Actor_10,female,1,sad,3,1,0
03-01-04-01-02-02-10.wav,Actor_10,female,1,sad,3,1,0
03-01-04-02-02-01-10.wav,Actor_10,female,1,sad,3,1,0
03-01-04-02-02-02-10.wav,Actor_10,female,1,sad,3,3,1
03-01-05-01-01-01-10.wav,Actor_10,female,1,angry,4,3,0
03-01-05-01-01-02-10.wav,Actor_10,female,1,angry,4,4,1
03-01-05-02-01-01-10.wav,Actor_10,female,1,angry,4,4,1
03-01-05-02-01-02-10.wav,Actor_10,female,1,angry,4,4,1
03-01-05-01-02-01-10.wav,Actor_10,female,1,angry,4,2,0
03-01-05-01-02-02-10.wav,Actor_10,female,1,angry,4,2,0
03-01-05-02-02-01-10.wav,Actor_10,female,1,angry,4,4,1
03-01-05-02-02-02-10.wav,Actor_10,female,1,angry,4,4,1
03-01-06-01-01-01-10.wav,Actor_10,female,1,fearful,5,5,1
03-01-06-01-01-02-10.wav,Actor_10,female,1,fearful,5,5,1
03-01-06-02-01-01-10.wav,Actor_10,female,1,fearful,5,5,1
03-01-06-02-01-02-10.wav,Actor_10,female,1,fearful,5,5,1
03-01-06-01-02-01-10.wav,Actor_10,female,1,fearful,5,3,0
03-01-06-01-02-02-10.wav,Actor_10,female,1,fearful,5,5,1
03-01-06-02-02-01-10.wav,Actor_10,female,1,fearful,5,2,0
03-01-06-02-02-02-10.wav,Actor_10,female,1,fearful,5,3,0
03-01-07-01-01-01-10.wav,Actor_10,female,1,disgust,6,3,0
03-01-07-01-01-02-10.wav,Actor_10,female,1,disgust,6,1,0
03-01-07-02-01-01-10.wav,Actor_10,female,1,disgust,6,6,1
03-01-07-02-01-02-10.wav,Actor_10,female,1,disgust,6,2,0
03-01-07-01-02-01-10.wav,Actor_10,female,1,disgust,6,3,0
03-01-07-01-02-02-10.wav,Actor_10,female,1,disgust,6,6,1
03-01-07-02-02-01-10.wav,Actor_10,female,1,disgust,6,2,0
03-01-07-02-02-02-10.wav,Actor_10,female,1,disgust,6,3,0
03-01-08-01-01-01-10.wav,Actor_10,female,1,surprised,7,7,1
03-01-08-01-01-02-10.wav,Actor_10,female,1,surprised,7,5,0
03-01-08-02-01-01-10.wav,Actor_10,female,1,surprised,7,7,1
03-01-08-02-01-02-10.wav,Actor_10,female,1,surprised,7,5,0
03-01-08-01-02-01-10.wav,Actor_10,female,1,surprised,7,7,1
03-01-08-01-02-02-10.wav,Actor_10,female,1,surprised,7,2,0
03-01-08-02-02-01-10.wav,Actor_10,female,1,surprised,7,5,0
03-01-08-02-02-02-10.wav,Actor_10,female,1,surprised,7,7,1
03-01-01-01-01-01-13.wav,Actor_13,male,1,neutral,0,0,1
03-01-01-01-01-02-13.wav,Actor_13,male,1,neutral,0,0,1
03-01-01-01-02-01-13.wav,Actor_13,male,1,neutral,0,7,0
03-01-01-01-02-02-13.wav,Actor_13,male,1,neutral,0,7,0
03-01-02-01-01-01-13.wav,Actor_13,male,1,calm,1,7,0
03-01-02-01-01-02-13.wav,Actor_13,male,1,calm,1,0,0
03-01-02-02-01-01-13.wav,Actor_13,male,1,calm,1,0,0
03-01-02-02-01-02-13.wav,Actor_13,male,1,calm,1,0,0
03-01-02-01-02-01-13.wav,Actor_13,male,1,calm,1,3,0
03-01-02-01-02-02-13.wav,Actor_13,male,1,calm,1,7,0
03-01-02-02-02-01-13.wav,Actor_13,male,1,calm,1,3,0
03-01-02-02-02-02-13.wav,Actor_13,male,1,calm,1,2,0
03-01-03-01-01-01-13.wav,Actor_13,male,1,happy,2,2,1
03-01-03-01-01-02-13.wav,Actor_13,male,1,happy,2,2,1
03-01-03-02-01-01-13.wav,Actor_13,male,1,happy,2,2,1
03-01-03-02-01-02-13.wav,Actor_13,male,1,happy,2,2,1
03-01-03-01-02-01-13.wav,Actor_13,male,1,happy,2,7,0
03-01-03-01-02-02-13.wav,Actor_13,male,1,happy,2,7,0
03-01-03-02-02-01-13.wav,Actor_13,male,1,happy,2,7,0
03-01-03-02-02-02-13.wav,Actor_13,male,1,happy,2,7,0
03-01-04-01-01-01-13.wav,Actor_13,male,1,sad,3,0,0
03-01-04-01-01-02-13.wav,Actor_13,male,1,sad,3,1,0
03-01-04-02-01-01-13.wav,Actor_13,male,1,sad,3,3,1
03-01-04-02-01-02-13.wav,Actor_13,male,1,sad,3,0,0
03-01-04-01-02-01-13.wav,Actor_13,male,1,sad,3,1,0
03-01-04-01-02-02-13.wav,Actor_13,male,1,sad,3,0,0
03-01-04-02-02-01-13.wav,Actor_13,male,1,sad,3,0,0
03-01-04-02-02-02-13.wav,Actor_13,male,1,sad,3,0,0
03-01-05-01-01-01-13.wav,Actor_13,male,1,angry,4,2,0
03-01-05-01-01-02-13.wav,Actor_13,male,1,angry,4,7,0
03-01-05-02-01-01-13.wav,Actor_13,male,1,angry,4,4,1
03-01-05-02-01-02-13.wav,Actor_13,male,1,angry,4,4,1
03-01-05-01-02-01-13.wav,Actor_13,male,1,angry,4,2,0
03-01-05-01-02-02-13.wav,Actor_13,male,1,angry,4,7,0
03-01-05-02-02-01-13.wav,Actor_13,male,1,angry,4,4,1
03-01-05-02-02-02-13.wav,Actor_13,male,1,angry,4,4,1
03-01-06-01-01-01-13.wav,Actor_13,male,1,fearful,5,7,0
03-01-06-01-01-02-13.wav,Actor_13,male,1,fearful,5,7,0
03-01-06-02-01-01-13.wav,Actor_13,male,1,fearful,5,7,0
03-01-06-02-01-02-13.wav,Actor_13,male,1,fearful,5,7,0
03-01-06-01-02-01-13.wav,Actor_13,male,1,fearful,5,7,0
03-01-06-01-02-02-13.wav,Actor_13,male,1,fearful,5,7,0
03-01-06-02-02-01-13.wav,Actor_13,male,1,fearful,5,7,0
03-01-06-02-02-02-13.wav,Actor_13,male,1,fearful,5,7,0
03-01-07-01-01-01-13.wav,Actor_13,male,1,disgust,6,2,0
03-01-07-01-01-02-13.wav,Actor_13,male,1,disgust,6,7,0
03-01-07-02-01-01-13.wav,Actor_13,male,1,disgust,6,7,0
03-01-07-02-01-02-13.wav,Actor_13,male,1,disgust,6,7,0
03-01-07-01-02-01-13.wav,Actor_13,male,1,disgust,6,0,0
03-01-07-01-02-02-13.wav,Actor_13,male,1,disgust,6,7,0
03-01-07-02-02-01-13.wav,Actor_13,male,1,disgust,6,3,0
03-01-07-02-02-02-13.wav,Actor_13,male,1,disgust,6,2,0
03-01-08-01-01-01-13.wav,Actor_13,male,1,surprised,7,7,1
03-01-08-01-01-02-13.wav,Actor_13,male,1,surprised,7,7,1
03-01-08-02-01-01-13.wav,Actor_13,male,1,surprised,7,7,1
03-01-08-02-01-02-13.wav,Actor_13,male,1,surprised,7,7,1
03-01-08-01-02-01-13.wav,Actor_13,male,1,surprised,7,7,1
03-01-08-01-02-02-13.wav,Actor_13,male,1,surprised,7,7,1
03-01-08-02-02-01-13.wav,Actor_13,male,1,surprised,7,7,1
03-01-08-02-02-02-13.wav,Actor_13,male,1,surprised,7,7,1
03-01-01-01-01-01-14.wav,Actor_14,female,1,neutral,0,3,0
03-01-01-01-01-02-14.wav,Actor_14,female,1,neutral,0,0,1
03-01-01-01-02-01-14.wav,Actor_14,female,1,neutral,0,3,0
03-01-01-01-02-02-14.wav,Actor_14,female,1,neutral,0,3,0
03-01-02-01-01-01-14.wav,Actor_14,female,1,calm,1,1,1
03-01-02-01-01-02-14.wav,Actor_14,female,1,calm,1,1,1
03-01-02-02-01-01-14.wav,Actor_14,female,1,calm,1,3,0
03-01-02-02-01-02-14.wav,Actor_14,female,1,calm,1,1,1
03-01-02-01-02-01-14.wav,Actor_14,female,1,calm,1,1,1
03-01-02-01-02-02-14.wav,Actor_14,female,1,calm,1,1,1
03-01-02-02-02-01-14.wav,Actor_14,female,1,calm,1,1,1
03-01-02-02-02-02-14.wav,Actor_14,female,1,calm,1,1,1
03-01-03-01-01-01-14.wav,Actor_14,female,1,happy,2,2,1
03-01-03-01-01-02-14.wav,Actor_14,female,1,happy,2,7,0
03-01-03-02-01-01-14.wav,Actor_14,female,1,happy,2,4,0
03-01-03-02-01-02-14.wav,Actor_14,female,1,happy,2,5,0
03-01-03-01-02-01-14.wav,Actor_14,female,1,happy,2,7,0
03-01-03-01-02-02-14.wav,Actor_14,female,1,happy,2,7,0
03-01-03-02-02-01-14.wav,Actor_14,female,1,happy,2,4,0
03-01-03-02-02-02-14.wav,Actor_14,female,1,happy,2,5,0
03-01-04-01-01-01-14.wav,Actor_14,female,1,sad,3,1,0
03-01-04-01-01-02-14.wav,Actor_14,female,1,sad,3,3,1
03-01-04-02-01-01-14.wav,Actor_14,female,1,sad,3,3,1
03-01-04-02-01-02-14.wav,Actor_14,female,1,sad,3,6,0
03-01-04-01-02-01-14.wav,Actor_14,female,1,sad,3,3,1
03-01-04-01-02-02-14.wav,Actor_14,female,1,sad,3,6,0
03-01-04-02-02-01-14.wav,Actor_14,female,1,sad,3,7,0
03-01-04-02-02-02-14.wav,Actor_14,female,1,sad,3,3,1
03-01-05-01-01-01-14.wav,Actor_14,female,1,angry,4,4,1
03-01-05-01-01-02-14.wav,Actor_14,female,1,angry,4,2,0
03-01-05-02-01-01-14.wav,Actor_14,female,1,angry,4,4,1
03-01-05-02-01-02-14.wav,Actor_14,female,1,angry,4,4,1
03-01-05-01-02-01-14.wav,Actor_14,female,1,angry,4,4,1
03-01-05-01-02-02-14.wav,Actor_14,female,1,angry,4,3,0
03-01-05-02-02-01-14.wav,Actor_14,female,1,angry,4,4,1
03-01-05-02-02-02-14.wav,Actor_14,female,1,angry,4,4,1
03-01-06-01-01-01-14.wav,Actor_14,female,1,fearful,5,3,0
03-01-06-01-01-02-14.wav,Actor_14,female,1,fearful,5,3,0
03-01-06-02-01-01-14.wav,Actor_14,female,1,fearful,5,5,1
03-01-06-02-01-02-14.wav,Actor_14,female,1,fearful,5,5,1
03-01-06-01-02-01-14.wav,Actor_14,female,1,fearful,5,7,0
03-01-06-01-02-02-14.wav,Actor_14,female,1,fearful,5,5,1
03-01-06-02-02-01-14.wav,Actor_14,female,1,fearful,5,5,1
03-01-06-02-02-02-14.wav,Actor_14,female,1,fearful,5,5,1
03-01-07-01-01-01-14.wav,Actor_14,female,1,disgust,6,6,1
03-01-07-01-01-02-14.wav,Actor_14,female,1,disgust,6,2,0
03-01-07-02-01-01-14.wav,Actor_14,female,1,disgust,6,2,0
03-01-07-02-01-02-14.wav,Actor_14,female,1,disgust,6,6,1
03-01-07-01-02-01-14.wav,Actor_14,female,1,disgust,6,6,1
03-01-07-01-02-02-14.wav,Actor_14,female,1,disgust,6,7,0
03-01-07-02-02-01-14.wav,Actor_14,female,1,disgust,6,6,1
03-01-07-02-02-02-14.wav,Actor_14,female,1,disgust,6,2,0
03-01-08-01-01-01-14.wav,Actor_14,female,1,surprised,7,3,0
03-01-08-01-01-02-14.wav,Actor_14,female,1,surprised,7,7,1
03-01-08-02-01-01-14.wav,Actor_14,female,1,surprised,7,7,1
03-01-08-02-01-02-14.wav,Actor_14,female,1,surprised,7,7,1
03-01-08-01-02-01-14.wav,Actor_14,female,1,surprised,7,7,1
03-01-08-01-02-02-14.wav,Actor_14,female,1,surprised,7,7,1
03-01-08-02-02-01-14.wav,Actor_14,female,1,surprised,7,7,1
03-01-08-02-02-02-14.wav,Actor_14,female,1,surprised,7,6,0
03-01-01-01-01-01-19.wav,Actor_19,male,1,neutral,0,0,1
03-01-01-01-01-02-19.wav,Actor_19,male,1,neutral,0,0,1
03-01-01-01-02-01-19.wav,Actor_19,male,1,neutral,0,0,1
03-01-01-01-02-02-19.wav,Actor_19,male,1,neutral,0,0,1
03-01-02-01-01-01-19.wav,Actor_19,male,1,calm,1,1,1
03-01-02-01-01-02-19.wav,Actor_19,male,1,calm,1,1,1
03-01-02-02-01-01-19.wav,Actor_19,male,1,calm,1,1,1
03-01-02-02-01-02-19.wav,Actor_19,male,1,calm,1,1,1
03-01-02-01-02-01-19.wav,Actor_19,male,1,calm,1,1,1
03-01-02-01-02-02-19.wav,Actor_19,male,1,calm,1,1,1
03-01-02-02-02-01-19.wav,Actor_19,male,1,calm,1,1,1
03-01-02-02-02-02-19.wav,Actor_19,male,1,calm,1,1,1
03-01-03-01-01-01-19.wav,Actor_19,male,1,happy,2,1,0
03-01-03-01-01-02-19.wav,Actor_19,male,1,happy,2,3,0
03-01-03-02-01-01-19.wav,Actor_19,male,1,happy,2,6,0
03-01-03-02-01-02-19.wav,Actor_19,male,1,happy,2,2,1
03-01-03-01-02-01-19.wav,Actor_19,male,1,happy,2,3,0
03-01-03-01-02-02-19.wav,Actor_19,male,1,happy,2,3,0
03-01-03-02-02-01-19.wav,Actor_19,male,1,happy,2,6,0
03-01-03-02-02-02-19.wav,Actor_19,male,1,happy,2,6,0
03-01-04-01-01-01-19.wav,Actor_19,male,1,sad,3,1,0
03-01-04-01-01-02-19.wav,Actor_19,male,1,sad,3,1,0
03-01-04-02-01-01-19.wav,Actor_19,male,1,sad,3,7,0
03-01-04-02-01-02-19.wav,Actor_19,male,1,sad,3,3,1
03-01-04-01-02-01-19.wav,Actor_19,male,1,sad,3,1,0
03-01-04-01-02-02-19.wav,Actor_19,male,1,sad,3,1,0
03-01-04-02-02-01-19.wav,Actor_19,male,1,sad,3,3,1
03-01-04-02-02-02-19.wav,Actor_19,male,1,sad,3,3,1
03-01-05-01-01-01-19.wav,Actor_19,male,1,angry,4,4,1
03-01-05-01-01-02-19.wav,Actor_19,male,1,angry,4,4,1
03-01-05-02-01-01-19.wav,Actor_19,male,1,angry,4,4,1
03-01-05-02-01-02-19.wav,Actor_19,male,1,angry,4,4,1
03-01-05-01-02-01-19.wav,Actor_19,male,1,angry,4,2,0
03-01-05-01-02-02-19.wav,Actor_19,male,1,angry,4,4,1
03-01-05-02-02-01-19.wav,Actor_19,male,1,angry,4,4,1
03-01-05-02-02-02-19.wav,Actor_19,male,1,angry,4,4,1
03-01-06-01-01-01-19.wav,Actor_19,male,1,fearful,5,3,0
03-01-06-01-01-02-19.wav,Actor_19,male,1,fearful,5,3,0
03-01-06-02-01-01-19.wav,Actor_19,male,1,fearful,5,5,1
03-01-06-02-01-02-19.wav,Actor_19,male,1,fearful,5,2,0
03-01-06-01-02-01-19.wav,Actor_19,male,1,fearful,5,1,0
03-01-06-01-02-02-19.wav,Actor_19,male,1,fearful,5,3,0
03-01-06-02-02-01-19.wav,Actor_19,male,1,fearful,5,5,1
03-01-06-02-02-02-19.wav,Actor_19,male,1,fearful,5,5,1
03-01-07-01-01-01-19.wav,Actor_19,male,1,disgust,6,6,1
03-01-07-01-01-02-19.wav,Actor_19,male,1,disgust,6,6,1
03-01-07-02-01-01-19.wav,Actor_19,male,1,disgust,6,6,1
03-01-07-02-01-02-19.wav,Actor_19,male,1,disgust,6,6,1
03-01-07-01-02-01-19.wav,Actor_19,male,1,disgust,6,6,1
03-01-07-01-02-02-19.wav,Actor_19,male,1,disgust,6,6,1
03-01-07-02-02-01-19.wav,Actor_19,male,1,disgust,6,4,0
03-01-07-02-02-02-19.wav,Actor_19,male,1,disgust,6,6,1
03-01-08-01-01-01-19.wav,Actor_19,male,1,surprised,7,0,0
03-01-08-01-01-02-19.wav,Actor_19,male,1,surprised,7,0,0
03-01-08-02-01-01-19.wav,Actor_19,male,1,surprised,7,6,0
03-01-08-02-01-02-19.wav,Actor_19,male,1,surprised,7,6,0
03-01-08-01-02-01-19.wav,Actor_19,male,1,surprised,7,6,0
03-01-08-01-02-02-19.wav,Actor_19,male,1,surprised,7,7,1
03-01-08-02-02-01-19.wav,Actor_19,male,1,surprised,7,7,1
03-01-08-02-02-02-19.wav,Actor_19,male,1,surprised,7,7,1
03-01-01-01-01-01-22.wav,Actor_22,female,1,neutral,0,1,0
03-01-01-01-01-02-22.wav,Actor_22,female,1,neutral,0,1,0
03-01-01-01-02-01-22.wav,Actor_22,female,1,neutral,0,1,0
03-01-01-01-02-02-22.wav,Actor_22,female,1,neutral,0,1,0
03-01-02-01-01-01-22.wav,Actor_22,female,1,calm,1,1,1
03-01-02-01-01-02-22.wav,Actor_22,female,1,calm,1,1,1
03-01-02-02-01-01-22.wav,Actor_22,female,1,calm,1,1,1
03-01-02-02-01-02-22.wav,Actor_22,female,1,calm,1,1,1
03-01-02-01-02-01-22.wav,Actor_22,female,1,calm,1,1,1
03-01-02-01-02-02-22.wav,Actor_22,female,1,calm,1,1,1
03-01-02-02-02-01-22.wav,Actor_22,female,1,calm,1,1,1
03-01-02-02-02-02-22.wav,Actor_22,female,1,calm,1,1,1
03-01-03-01-01-01-22.wav,Actor_22,female,1,happy,2,3,0
03-01-03-01-01-02-22.wav,Actor_22,female,1,happy,2,2,1
03-01-03-02-01-01-22.wav,Actor_22,female,1,happy,2,2,1
03-01-03-02-01-02-22.wav,Actor_22,female,1,happy,2,2,1
03-01-03-01-02-01-22.wav,Actor_22,female,1,happy,2,0,0
03-01-03-01-02-02-22.wav,Actor_22,female,1,happy,2,0,0
03-01-03-02-02-01-22.wav,Actor_22,female,1,happy,2,2,1
03-01-03-02-02-02-22.wav,Actor_22,female,1,happy,2,4,0
03-01-04-01-01-01-22.wav,Actor_22,female,1,sad,3,1,0
03-01-04-01-01-02-22.wav,Actor_22,female,1,sad,3,1,0
03-01-04-02-01-01-22.wav,Actor_22,female,1,sad,3,3,1
03-01-04-02-01-02-22.wav,Actor_22,female,1,sad,3,3,1
03-01-04-01-02-01-22.wav,Actor_22,female,1,sad,3,3,1
03-01-04-01-02-02-22.wav,Actor_22,female,1,sad,3,3,1
03-01-04-02-02-01-22.wav,Actor_22,female,1,sad,3,3,1
03-01-04-02-02-02-22.wav,Actor_22,female,1,sad,3,3,1
03-01-05-01-01-01-22.wav,Actor_22,female,1,angry,4,3,0
03-01-05-01-01-02-22.wav,Actor_22,female,1,angry,4,2,0
03-01-05-02-01-01-22.wav,Actor_22,female,1,angry,4,4,1
03-01-05-02-01-02-22.wav,Actor_22,female,1,angry,4,4,1
03-01-05-01-02-01-22.wav,Actor_22,female,1,angry,4,6,0
03-01-05-01-02-02-22.wav,Actor_22,female,1,angry,4,4,1
03-01-05-02-02-01-22.wav,Actor_22,female,1,angry,4,4,1
03-01-05-02-02-02-22.wav,Actor_22,female,1,angry,4,4,1
03-01-06-01-01-01-22.wav,Actor_22,female,1,fearful,5,2,0
03-01-06-01-01-02-22.wav,Actor_22,female,1,fearful,5,2,0
03-01-06-02-01-01-22.wav,Actor_22,female,1,fearful,5,2,0
03-01-06-02-01-02-22.wav,Actor_22,female,1,fearful,5,2,0
03-01-06-01-02-01-22.wav,Actor_22,female,1,fearful,5,3,0
03-01-06-01-02-02-22.wav,Actor_22,female,1,fearful,5,2,0
03-01-06-02-02-01-22.wav,Actor_22,female,1,fearful,5,2,0
03-01-06-02-02-02-22.wav,Actor_22,female,1,fearful,5,5,1
03-01-07-01-01-01-22.wav,Actor_22,female,1,disgust,6,3,0
03-01-07-01-01-02-22.wav,Actor_22,female,1,disgust,6,3,0
03-01-07-02-01-01-22.wav,Actor_22,female,1,disgust,6,6,1
03-01-07-02-01-02-22.wav,Actor_22,female,1,disgust,6,6,1
03-01-07-01-02-01-22.wav,Actor_22,female,1,disgust,6,4,0
03-01-07-01-02-02-22.wav,Actor_22,female,1,disgust,6,6,1
03-01-07-02-02-01-22.wav,Actor_22,female,1,disgust,6,6,1
03-01-07-02-02-02-22.wav,Actor_22,female,1,disgust,6,6,1
03-01-08-01-01-01-22.wav,Actor_22,female,1,surprised,7,7,1
03-01-08-01-01-02-22.wav,Actor_22,female,1,surprised,7,7,1
03-01-08-02-01-01-22.wav,Actor_22,female,1,surprised,7,7,1
03-01-08-02-01-02-22.wav,Actor_22,female,1,surprised,7,7,1
03-01-08-01-02-01-22.wav,Actor_22,female,1,surprised,7,7,1
03-01-08-01-02-02-22.wav,Actor_22,female,1,surprised,7,7,1
03-01-08-02-02-01-22.wav,Actor_22,female,1,surprised,7,4,0
03-01-08-02-02-02-22.wav,Actor_22,female,1,surprised,7,7,1
03-01-01-01-01-01-01.wav,Actor_01,male,2,neutral,0,0,1
03-01-01-01-01-02-01.wav,Actor_01,male,2,neutral,0,0,1
03-01-01-01-02-01-01.wav,Actor_01,male,2,neutral,0,0,1
03-01-01-01-02-02-01.wav,Actor_01,male,2,neutral,0,3,0
03-01-02-01-01-01-01.wav,Actor_01,male,2,calm,1,3,0
03-01-02-01-01-02-01.wav,Actor_01,male,2,calm,1,1,1
03-01-02-02-01-01-01.wav,Actor_01,male,2,calm,1,1,1
03-01-02-02-01-02-01.wav,Actor_01,male,2,calm,1,1,1
03-01-02-01-02-01-01.wav,Actor_01,male,2,calm,1,1,1
03-01-02-01-02-02-01.wav,Actor_01,male,2,calm,1,1,1
03-01-02-02-02-01-01.wav,Actor_01,male,2,calm,1,1,1
03-01-02-02-02-02-01.wav,Actor_01,male,2,calm,1,1,1
03-01-03-01-01-01-01.wav,Actor_01,male,2,happy,2,2,1
03-01-03-01-01-02-01.wav,Actor_01,male,2,happy,2,2,1
03-01-03-02-01-01-01.wav,Actor_01,male,2,happy,2,7,0
03-01-03-02-01-02-01.wav,Actor_01,male,2,happy,2,2,1
03-01-03-01-02-01-01.wav,Actor_01,male,2,happy,2,3,0
03-01-03-01-02-02-01.wav,Actor_01,male,2,happy,2,3,0
03-01-03-02-02-01-01.wav,Actor_01,male,2,happy,2,2,1
03-01-03-02-02-02-01.wav,Actor_01,male,2,happy,2,4,0
03-01-04-01-01-01-01.wav,Actor_01,male,2,sad,3,1,0
03-01-04-01-01-02-01.wav,Actor_01,male,2,sad,3,3,1
03-01-04-02-01-01-01.wav,Actor_01,male,2,sad,3,0,0
03-01-04-02-01-02-01.wav,Actor_01,male,2,sad,3,2,0
03-01-04-01-02-01-01.wav,Actor_01,male,2,sad,3,0,0
03-01-04-01-02-02-01.wav,Actor_01,male,2,sad,3,0,0
03-01-04-02-02-01-01.wav,Actor_01,male,2,sad,3,3,1
03-01-04-02-02-02-01.wav,Actor_01,male,2,sad,3,2,0
03-01-05-01-01-01-01.wav,Actor_01,male,2,angry,4,4,1
03-01-05-01-01-02-01.wav,Actor_01,male,2,angry,4,4,1
03-01-05-02-01-01-01.wav,Actor_01,male,2,angry,4,4,1
03-01-05-02-01-02-01.wav,Actor_01,male,2,angry,4,4,1
03-01-05-01-02-01-01.wav,Actor_01,male,2,angry,4,4,1
03-01-05-01-02-02-01.wav,Actor_01,male,2,angry,4,4,1
03-01-05-02-02-01-01.wav,Actor_01,male,2,angry,4,4,1
03-01-05-02-02-02-01.wav,Actor_01,male,2,angry,4,4,1
03-01-06-01-01-01-01.wav,Actor_01,male,2,fearful,5,2,0
03-01-06-01-01-02-01.wav,Actor_01,male,2,fearful,5,2,0
03-01-06-02-01-01-01.wav,Actor_01,male,2,fearful,5,6,0
03-01-06-02-01-02-01.wav,Actor_01,male,2,fearful,5,5,1
03-01-06-01-02-01-01.wav,Actor_01,male,2,fearful,5,2,0
03-01-06-01-02-02-01.wav,Actor_01,male,2,fearful,5,3,0
03-01-06-02-02-01-01.wav,Actor_01,male,2,fearful,5,5,1
03-01-06-02-02-02-01.wav,Actor_01,male,2,fearful,5,5,1
03-01-07-01-01-01-01.wav,Actor_01,male,2,disgust,6,3,0
03-01-07-01-01-02-01.wav,Actor_01,male,2,disgust,6,3,0
03-01-07-02-01-01-01.wav,Actor_01,male,2,disgust,6,6,1
03-01-07-02-01-02-01.wav,Actor_01,male,2,disgust,6,7,0
03-01-07-01-02-01-01.wav,Actor_01,male,2,disgust,6,6,1
03-01-07-01-02-02-01.wav,Actor_01,male,2,disgust,6,6,1
03-01-07-02-02-01-01.wav,Actor_01,male,2,disgust,6,6,1
03-01-07-02-02-02-01.wav,Actor_01,male,2,disgust,6,7,0
03-01-08-01-01-01-01.wav,Actor_01,male,2,surprised,7,2,0
03-01-08-01-01-02-01.wav,Actor_01,male,2,surprised,7,2,0
03-01-08-02-01-01-01.wav,Actor_01,male,2,surprised,7,7,1
03-01-08-02-01-02-01.wav,Actor_01,male,2,surprised,7,7,1
03-01-08-01-02-01-01.wav,Actor_01,male,2,surprised,7,0,0
03-01-08-01-02-02-01.wav,Actor_01,male,2,surprised,7,7,1
03-01-08-02-02-01-01.wav,Actor_01,male,2,surprised,7,2,0
03-01-08-02-02-02-01.wav,Actor_01,male,2,surprised,7,7,1
03-01-01-01-01-01-06.wav,Actor_06,female,2,neutral,0,0,1
03-01-01-01-01-02-06.wav,Actor_06,female,2,neutral,0,1,0
03-01-01-01-02-01-06.wav,Actor_06,female,2,neutral,0,0,1
03-01-01-01-02-02-06.wav,Actor_06,female,2,neutral,0,0,1
03-01-02-01-01-01-06.wav,Actor_06,female,2,calm,1,1,1
03-01-02-01-01-02-06.wav,Actor_06,female,2,calm,1,1,1
03-01-02-02-01-01-06.wav,Actor_06,female,2,calm,1,1,1
03-01-02-02-01-02-06.wav,Actor_06,female,2,calm,1,1,1
03-01-02-01-02-01-06.wav,Actor_06,female,2,calm,1,1,1
03-01-02-01-02-02-06.wav,Actor_06,female,2,calm,1,1,1
03-01-02-02-02-01-06.wav,Actor_06,female,2,calm,1,1,1
03-01-02-02-02-02-06.wav,Actor_06,female,2,calm,1,1,1
03-01-03-01-01-01-06.wav,Actor_06,female,2,happy,2,3,0
03-01-03-01-01-02-06.wav,Actor_06,female,2,happy,2,3,0
03-01-03-02-01-01-06.wav,Actor_06,female,2,happy,2,5,0
03-01-03-02-01-02-06.wav,Actor_06,female,2,happy,2,5,0
03-01-03-01-02-01-06.wav,Actor_06,female,2,happy,2,3,0
03-01-03-01-02-02-06.wav,Actor_06,female,2,happy,2,3,0
03-01-03-02-02-01-06.wav,Actor_06,female,2,happy,2,5,0
03-01-03-02-02-02-06.wav,Actor_06,female,2,happy,2,5,0
03-01-04-01-01-01-06.wav,Actor_06,female,2,sad,3,1,0
03-01-04-01-01-02-06.wav,Actor_06,female,2,sad,3,1,0
03-01-04-02-01-01-06.wav,Actor_06,female,2,sad,3,3,1
03-01-04-02-01-02-06.wav,Actor_06,female,2,sad,3,3,1
03-01-04-01-02-01-06.wav,Actor_06,female,2,sad,3,1,0
03-01-04-01-02-02-06.wav,Actor_06,female,2,sad,3,1,0
03-01-04-02-02-01-06.wav,Actor_06,female,2,sad,3,3,1
03-01-04-02-02-02-06.wav,Actor_06,female,2,sad,3,3,1
03-01-05-01-01-01-06.wav,Actor_06,female,2,angry,4,3,0
03-01-05-01-01-02-06.wav,Actor_06,female,2,angry,4,3,0
03-01-05-02-01-01-06.wav,Actor_06,female,2,angry,4,4,1
03-01-05-02-01-02-06.wav,Actor_06,female,2,angry,4,4,1
03-01-05-01-02-01-06.wav,Actor_06,female,2,angry,4,1,0
03-01-05-01-02-02-06.wav,Actor_06,female,2,angry,4,3,0
03-01-05-02-02-01-06.wav,Actor_06,female,2,angry,4,4,1
03-01-05-02-02-02-06.wav,Actor_06,female,2,angry,4,4,1
03-01-06-01-01-01-06.wav,Actor_06,female,2,fearful,5,3,0
03-01-06-01-01-02-06.wav,Actor_06,female,2,fearful,5,3,0
03-01-06-02-01-01-06.wav,Actor_06,female,2,fearful,5,5,1
03-01-06-02-01-02-06.wav,Actor_06,female,2,fearful,5,5,1
03-01-06-01-02-01-06.wav,Actor_06,female,2,fearful,5,3,0
03-01-06-01-02-02-06.wav,Actor_06,female,2,fearful,5,3,0
03-01-06-02-02-01-06.wav,Actor_06,female,2,fearful,5,5,1
03-01-06-02-02-02-06.wav,Actor_06,female,2,fearful,5,5,1
03-01-07-01-01-01-06.wav,Actor_06,female,2,disgust,6,1,0
03-01-07-01-01-02-06.wav,Actor_06,female,2,disgust,6,1,0
03-01-07-02-01-01-06.wav,Actor_06,female,2,disgust,6,3,0
03-01-07-02-01-02-06.wav,Actor_06,female,2,disgust,6,3,0
03-01-07-01-02-01-06.wav,Actor_06,female,2,disgust,6,1,0
03-01-07-01-02-02-06.wav,Actor_06,female,2,disgust,6,1,0
03-01-07-02-02-01-06.wav,Actor_06,female,2,disgust,6,6,1
03-01-07-02-02-02-06.wav,Actor_06,female,2,disgust,6,1,0
03-01-08-01-01-01-06.wav,Actor_06,female,2,surprised,7,3,0
03-01-08-01-01-02-06.wav,Actor_06,female,2,surprised,7,2,0
03-01-08-02-01-01-06.wav,Actor_06,female,2,surprised,7,7,1
03-01-08-02-01-02-06.wav,Actor_06,female,2,surprised,7,7,1
03-01-08-01-02-01-06.wav,Actor_06,female,2,surprised,7,7,1
03-01-08-01-02-02-06.wav,Actor_06,female,2,surprised,7,5,0
03-01-08-02-02-01-06.wav,Actor_06,female,2,surprised,7,5,0
03-01-08-02-02-02-06.wav,Actor_06,female,2,surprised,7,7,1
03-01-01-01-01-01-16.wav,Actor_16,female,2,neutral,0,0,1
03-01-01-01-01-02-16.wav,Actor_16,female,2,neutral,0,0,1
03-01-01-01-02-01-16.wav,Actor_16,female,2,neutral,0,0,1
03-01-01-01-02-02-16.wav,Actor_16,female,2,neutral,0,0,1
03-01-02-01-01-01-16.wav,Actor_16,female,2,calm,1,0,0
03-01-02-01-01-02-16.wav,Actor_16,female,2,calm,1,1,1
03-01-02-02-01-01-16.wav,Actor_16,female,2,calm,1,1,1
03-01-02-02-01-02-16.wav,Actor_16,female,2,calm,1,3,0
03-01-02-01-02-01-16.wav,Actor_16,female,2,calm,1,1,1
03-01-02-01-02-02-16.wav,Actor_16,female,2,calm,1,1,1
03-01-02-02-02-01-16.wav,Actor_16,female,2,calm,1,1,1
03-01-02-02-02-02-16.wav,Actor_16,female,2,calm,1,1,1
03-01-03-01-01-01-16.wav,Actor_16,female,2,happy,2,4,0
03-01-03-01-01-02-16.wav,Actor_16,female,2,happy,2,2,1
03-01-03-02-01-01-16.wav,Actor_16,female,2,happy,2,4,0
03-01-03-02-01-02-16.wav,Actor_16,female,2,happy,2,4,0
03-01-03-01-02-01-16.wav,Actor_16,female,2,happy,2,4,0
03-01-03-01-02-02-16.wav,Actor_16,female,2,happy,2,4,0
03-01-03-02-02-01-16.wav,Actor_16,female,2,happy,2,4,0
03-01-03-02-02-02-16.wav,Actor_16,female,2,happy,2,4,0
03-01-04-01-01-01-16.wav,Actor_16,female,2,sad,3,7,0
03-01-04-01-01-02-16.wav,Actor_16,female,2,sad,3,0,0
03-01-04-02-01-01-16.wav,Actor_16,female,2,sad,3,3,1
03-01-04-02-01-02-16.wav,Actor_16,female,2,sad,3,3,1
03-01-04-01-02-01-16.wav,Actor_16,female,2,sad,3,2,0
03-01-04-01-02-02-16.wav,Actor_16,female,2,sad,3,0,0
03-01-04-02-02-01-16.wav,Actor_16,female,2,sad,3,6,0
03-01-04-02-02-02-16.wav,Actor_16,female,2,sad,3,3,1
03-01-05-01-01-01-16.wav,Actor_16,female,2,angry,4,4,1
03-01-05-01-01-02-16.wav,Actor_16,female,2,angry,4,4,1
03-01-05-02-01-01-16.wav,Actor_16,female,2,angry,4,4,1
03-01-05-02-01-02-16.wav,Actor_16,female,2,angry,4,4,1
03-01-05-01-02-01-16.wav,Actor_16,female,2,angry,4,4,1
03-01-05-01-02-02-16.wav,Actor_16,female,2,angry,4,4,1
03-01-05-02-02-01-16.wav,Actor_16,female,2,angry,4,4,1
03-01-05-02-02-02-16.wav,Actor_16,female,2,angry,4,4,1
03-01-06-01-01-01-16.wav,Actor_16,female,2,fearful,5,2,0
03-01-06-01-01-02-16.wav,Actor_16,female,2,fearful,5,7,0
03-01-06-02-01-01-16.wav,Actor_16,female,2,fearful,5,5,1
03-01-06-02-01-02-16.wav,Actor_16,female,2,fearful,5,5,1
03-01-06-01-02-01-16.wav,Actor_16,female,2,fearful,5,3,0
03-01-06-01-02-02-16.wav,Actor_16,female,2,fearful,5,5,1
03-01-06-02-02-01-16.wav,Actor_16,female,2,fearful,5,5,1
03-01-06-02-02-02-16.wav,Actor_16,female,2,fearful,5,5,1
03-01-07-01-01-01-16.wav,Actor_16,female,2,disgust,6,4,0
03-01-07-01-01-02-16.wav,Actor_16,female,2,disgust,6,6,1
03-01-07-02-01-01-16.wav,Actor_16,female,2,disgust,6,6,1
03-01-07-02-01-02-16.wav,Actor_16,female,2,disgust,6,6,1
03-01-07-01-02-01-16.wav,Actor_16,female,2,disgust,6,7,0
03-01-07-01-02-02-16.wav,Actor_16,female,2,disgust,6,4,0
03-01-07-02-02-01-16.wav,Actor_16,female,2,disgust,6,6,1
03-01-07-02-02-02-16.wav,Actor_16,female,2,disgust,6,4,0
03-01-08-01-01-01-16.wav,Actor_16,female,2,surprised,7,4,0
03-01-08-01-01-02-16.wav,Actor_16,female,2,surprised,7,7,1
03-01-08-02-01-01-16.wav,Actor_16,female,2,surprised,7,7,1
03-01-08-02-01-02-16.wav,Actor_16,female,2,surprised,7,7,1
03-01-08-01-02-01-16.wav,Actor_16,female,2,surprised,7,7,1
03-01-08-01-02-02-16.wav,Actor_16,female,2,surprised,7,7,1
03-01-08-02-02-01-16.wav,Actor_16,female,2,surprised,7,4,0
03-01-08-02-02-02-16.wav,Actor_16,female,2,surprised,7,7,1
03-01-01-01-01-01-23.wav,Actor_23,male,2,neutral,0,0,1
03-01-01-01-01-02-23.wav,Actor_23,male,2,neutral,0,0,1
03-01-01-01-02-01-23.wav,Actor_23,male,2,neutral,0,0,1
03-01-01-01-02-02-23.wav,Actor_23,male,2,neutral,0,0,1
03-01-02-01-01-01-23.wav,Actor_23,male,2,calm,1,0,0
03-01-02-01-01-02-23.wav,Actor_23,male,2,calm,1,0,0
03-01-02-02-01-01-23.wav,Actor_23,male,2,calm,1,3,0
03-01-02-02-01-02-23.wav,Actor_23,male,2,calm,1,3,0
03-01-02-01-02-01-23.wav,Actor_23,male,2,calm,1,3,0
03-01-02-01-02-02-23.wav,Actor_23,male,2,calm,1,3,0
03-01-02-02-02-01-23.wav,Actor_23,male,2,calm,1,3,0
03-01-02-02-02-02-23.wav,Actor_23,male,2,calm,1,3,0
03-01-03-01-01-01-23.wav,Actor_23,male,2,happy,2,7,0
03-01-03-01-01-02-23.wav,Actor_23,male,2,happy,2,7,0
03-01-03-02-01-01-23.wav,Actor_23,male,2,happy,2,7,0
03-01-03-02-01-02-23.wav,Actor_23,male,2,happy,2,7,0
03-01-03-01-02-01-23.wav,Actor_23,male,2,happy,2,7,0
03-01-03-01-02-02-23.wav,Actor_23,male,2,happy,2,7,0
03-01-03-02-02-01-23.wav,Actor_23,male,2,happy,2,7,0
03-01-03-02-02-02-23.wav,Actor_23,male,2,happy,2,7,0
03-01-04-01-01-01-23.wav,Actor_23,male,2,sad,3,0,0
03-01-04-01-01-02-23.wav,Actor_23,male,2,sad,3,2,0
03-01-04-02-01-01-23.wav,Actor_23,male,2,sad,3,3,1
03-01-04-02-01-02-23.wav,Actor_23,male,2,sad,3,5,0
03-01-04-01-02-01-23.wav,Actor_23,male,2,sad,3,2,0
03-01-04-01-02-02-23.wav,Actor_23,male,2,sad,3,0,0
03-01-04-02-02-01-23.wav,Actor_23,male,2,sad,3,3,1
03-01-04-02-02-02-23.wav,Actor_23,male,2,sad,3,1,0
03-01-05-01-01-01-23.wav,Actor_23,male,2,angry,4,4,1
03-01-05-01-01-02-23.wav,Actor_23,male,2,angry,4,7,0
03-01-05-02-01-01-23.wav,Actor_23,male,2,angry,4,4,1
03-01-05-02-01-02-23.wav,Actor_23,male,2,angry,4,4,1
03-01-05-01-02-01-23.wav,Actor_23,male,2,angry,4,7,0
03-01-05-01-02-02-23.wav,Actor_23,male,2,angry,4,7,0
03-01-05-02-02-01-23.wav,Actor_23,male,2,angry,4,4,1
03-01-05-02-02-02-23.wav,Actor_23,male,2,angry,4,4,1
03-01-06-01-01-01-23.wav,Actor_23,male,2,fearful,5,4,0
03-01-06-01-01-02-23.wav,Actor_23,male,2,fearful,5,2,0
03-01-06-02-01-01-23.wav,Actor_23,male,2,fearful,5,5,1
03-01-06-02-01-02-23.wav,Actor_23,male,2,fearful,5,5,1
03-01-06-01-02-01-23.wav,Actor_23,male,2,fearful,5,2,0
03-01-06-01-02-02-23.wav,Actor_23,male,2,fearful,5,2,0
03-01-06-02-02-01-23.wav,Actor_23,male,2,fearful,5,7,0
03-01-06-02-02-02-23.wav,Actor_23,male,2,fearful,5,5,1
03-01-07-01-01-01-23.wav,Actor_23,male,2,disgust,6,6,1
03-01-07-01-01-02-23.wav,Actor_23,male,2,disgust,6,6,1
03-01-07-02-01-01-23.wav,Actor_23,male,2,disgust,6,6,1
03-01-07-02-01-02-23.wav,Actor_23,male,2,disgust,6,6,1
03-01-07-01-02-01-23.wav,Actor_23,male,2,disgust,6,6,1
03-01-07-01-02-02-23.wav,Actor_23,male,2,disgust,6,4,0
03-01-07-02-02-01-23.wav,Actor_23,male,2,disgust,6,6,1
03-01-07-02-02-02-23.wav,Actor_23,male,2,disgust,6,6,1
03-01-08-01-01-01-23.wav,Actor_23,male,2,surprised,7,7,1
03-01-08-01-01-02-23.wav,Actor_23,male,2,surprised,7,7,1
03-01-08-02-01-01-23.wav,Actor_23,male,2,surprised,7,7,1
03-01-08-02-01-02-23.wav,Actor_23,male,2,surprised,7,7,1
03-01-08-01-02-01-23.wav,Actor_23,male,2,surprised,7,7,1
03-01-08-01-02-02-23.wav,Actor_23,male,2,surprised,7,7,1
03-01-08-02-02-01-23.wav,Actor_23,male,2,surprised,7,7,1
03-01-08-02-02-02-23.wav,Actor_23,male,2,surprised,7,7,1
03-01-01-01-01-01-09.wav,Actor_09,male,3,neutral,0,3,0
03-01-01-01-01-02-09.wav,Actor_09,male,3,neutral,0,1,0
03-01-01-01-02-01-09.wav,Actor_09,male,3,neutral,0,1,0
03-01-01-01-02-02-09.wav,Actor_09,male,3,neutral,0,3,0
03-01-02-01-01-01-09.wav,Actor_09,male,3,calm,1,1,1
03-01-02-01-01-02-09.wav,Actor_09,male,3,calm,1,1,1
03-01-02-02-01-01-09.wav,Actor_09,male,3,calm,1,1,1
03-01-02-02-01-02-09.wav,Actor_09,male,3,calm,1,1,1
03-01-02-01-02-01-09.wav,Actor_09,male,3,calm,1,1,1
03-01-02-01-02-02-09.wav,Actor_09,male,3,calm,1,1,1
03-01-02-02-02-01-09.wav,Actor_09,male,3,calm,1,1,1
03-01-02-02-02-02-09.wav,Actor_09,male,3,calm,1,1,1
03-01-03-01-01-01-09.wav,Actor_09,male,3,happy,2,0,0
03-01-03-01-01-02-09.wav,Actor_09,male,3,happy,2,2,1
03-01-03-02-01-01-09.wav,Actor_09,male,3,happy,2,4,0
03-01-03-02-01-02-09.wav,Actor_09,male,3,happy,2,4,0
03-01-03-01-02-01-09.wav,Actor_09,male,3,happy,2,0,0
03-01-03-01-02-02-09.wav,Actor_09,male,3,happy,2,2,1
03-01-03-02-02-01-09.wav,Actor_09,male,3,happy,2,4,0
03-01-03-02-02-02-09.wav,Actor_09,male,3,happy,2,2,1
03-01-04-01-01-01-09.wav,Actor_09,male,3,sad,3,1,0
03-01-04-01-01-02-09.wav,Actor_09,male,3,sad,3,1,0
03-01-04-02-01-01-09.wav,Actor_09,male,3,sad,3,1,0
03-01-04-02-01-02-09.wav,Actor_09,male,3,sad,3,3,1
03-01-04-01-02-01-09.wav,Actor_09,male,3,sad,3,1,0
03-01-04-01-02-02-09.wav,Actor_09,male,3,sad,3,1,0
03-01-04-02-02-01-09.wav,Actor_09,male,3,sad,3,3,1
03-01-04-02-02-02-09.wav,Actor_09,male,3,sad,3,3,1
03-01-05-01-01-01-09.wav,Actor_09,male,3,angry,4,1,0
03-01-05-01-01-02-09.wav,Actor_09,male,3,angry,4,6,0
03-01-05-02-01-01-09.wav,Actor_09,male,3,angry,4,4,1
03-01-05-02-01-02-09.wav,Actor_09,male,3,angry,4,4,1
03-01-05-01-02-01-09.wav,Actor_09,male,3,angry,4,3,0
03-01-05-01-02-02-09.wav,Actor_09,male,3,angry,4,3,0
03-01-05-02-02-01-09.wav,Actor_09,male,3,angry,4,4,1
03-01-05-02-02-02-09.wav,Actor_09,male,3,angry,4,4,1
03-01-06-01-01-01-09.wav,Actor_09,male,3,fearful,5,1,0
03-01-06-01-01-02-09.wav,Actor_09,male,3,fearful,5,3,0
03-01-06-02-01-01-09.wav,Actor_09,male,3,fearful,5,7,0
03-01-06-02-01-02-09.wav,Actor_09,male,3,fearful,5,3,0
03-01-06-01-02-01-09.wav,Actor_09,male,3,fearful,5,1,0
03-01-06-01-02-02-09.wav,Actor_09,male,3,fearful,5,1,0
03-01-06-02-02-01-09.wav,Actor_09,male,3,fearful,5,5,1
03-01-06-02-02-02-09.wav,Actor_09,male,3,fearful,5,5,1
03-01-07-01-01-01-09.wav,Actor_09,male,3,disgust,6,1,0
03-01-07-01-01-02-09.wav,Actor_09,male,3,disgust,6,3,0
03-01-07-02-01-01-09.wav,Actor_09,male,3,disgust,6,3,0
03-01-07-02-01-02-09.wav,Actor_09,male,3,disgust,6,6,1
03-01-07-01-02-01-09.wav,Actor_09,male,3,disgust,6,3,0
03-01-07-01-02-02-09.wav,Actor_09,male,3,disgust,6,3,0
03-01-07-02-02-01-09.wav,Actor_09,male,3,disgust,6,6,1
03-01-07-02-02-02-09.wav,Actor_09,male,3,disgust,6,3,0
03-01-08-01-01-01-09.wav,Actor_09,male,3,surprised,7,3,0
03-01-08-01-01-02-09.wav,Actor_09,male,3,surprised,7,0,0
03-01-08-02-01-01-09.wav,Actor_09,male,3,surprised,7,7,1
03-01-08-02-01-02-09.wav,Actor_09,male,3,surprised,7,0,0
03-01-08-01-02-01-09.wav,Actor_09,male,3,surprised,7,3,0
03-01-08-01-02-02-09.wav,Actor_09,male,3,surprised,7,0,0
03-01-08-02-02-01-09.wav,Actor_09,male,3,surprised,7,3,0
03-01-08-02-02-02-09.wav,Actor_09,male,3,surprised,7,3,0
03-01-01-01-01-01-12.wav,Actor_12,female,3,neutral,0,0,1
03-01-01-01-01-02-12.wav,Actor_12,female,3,neutral,0,0,1
03-01-01-01-02-01-12.wav,Actor_12,female,3,neutral,0,0,1
03-01-01-01-02-02-12.wav,Actor_12,female,3,neutral,0,0,1
03-01-02-01-01-01-12.wav,Actor_12,female,3,calm,1,3,0
03-01-02-01-01-02-12.wav,Actor_12,female,3,calm,1,0,0
03-01-02-02-01-01-12.wav,Actor_12,female,3,calm,1,1,1
03-01-02-02-01-02-12.wav,Actor_12,female,3,calm,1,1,1
03-01-02-01-02-01-12.wav,Actor_12,female,3,calm,1,0,0
03-01-02-01-02-02-12.wav,Actor_12,female,3,calm,1,0,0
03-01-02-02-02-01-12.wav,Actor_12,female,3,calm,1,1,1
03-01-02-02-02-02-12.wav,Actor_12,female,3,calm,1,1,1
03-01-03-01-01-01-12.wav,Actor_12,female,3,happy,2,2,1
03-01-03-01-01-02-12.wav,Actor_12,female,3,happy,2,2,1
03-01-03-02-01-01-12.wav,Actor_12,female,3,happy,2,5,0
03-01-03-02-01-02-12.wav,Actor_12,female,3,happy,2,5,0
03-01-03-01-02-01-12.wav,Actor_12,female,3,happy,2,7,0
03-01-03-01-02-02-12.wav,Actor_12,female,3,happy,2,2,1
03-01-03-02-02-01-12.wav,Actor_12,female,3,happy,2,7,0
03-01-03-02-02-02-12.wav,Actor_12,female,3,happy,2,4,0
03-01-04-01-01-01-12.wav,Actor_12,female,3,sad,3,2,0
03-01-04-01-01-02-12.wav,Actor_12,female,3,sad,3,2,0
03-01-04-02-01-01-12.wav,Actor_12,female,3,sad,3,2,0
03-01-04-02-01-02-12.wav,Actor_12,female,3,sad,3,5,0
03-01-04-01-02-01-12.wav,Actor_12,female,3,sad,3,3,1
03-01-04-01-02-02-12.wav,Actor_12,female,3,sad,3,3,1
03-01-04-02-02-01-12.wav,Actor_12,female,3,sad,3,5,0
03-01-04-02-02-02-12.wav,Actor_12,female,3,sad,3,2,0
03-01-05-01-01-01-12.wav,Actor_12,female,3,angry,4,6,0
03-01-05-01-01-02-12.wav,Actor_12,female,3,angry,4,6,0
03-01-05-02-01-01-12.wav,Actor_12,female,3,angry,4,5,0
03-01-05-02-01-02-12.wav,Actor_12,female,3,angry,4,4,1
03-01-05-01-02-01-12.wav,Actor_12,female,3,angry,4,6,0
03-01-05-01-02-02-12.wav,Actor_12,female,3,angry,4,6,0
03-01-05-02-02-01-12.wav,Actor_12,female,3,angry,4,4,1
03-01-05-02-02-02-12.wav,Actor_12,female,3,angry,4,4,1
03-01-06-01-01-01-12.wav,Actor_12,female,3,fearful,5,5,1
03-01-06-01-01-02-12.wav,Actor_12,female,3,fearful,5,5,1
03-01-06-02-01-01-12.wav,Actor_12,female,3,fearful,5,5,1
03-01-06-02-01-02-12.wav,Actor_12,female,3,fearful,5,5,1
03-01-06-01-02-01-12.wav,Actor_12,female,3,fearful,5,5,1
03-01-06-01-02-02-12.wav,Actor_12,female,3,fearful,5,5,1
03-01-06-02-02-01-12.wav,Actor_12,female,3,fearful,5,5,1
03-01-06-02-02-02-12.wav,Actor_12,female,3,fearful,5,5,1
03-01-07-01-01-01-12.wav,Actor_12,female,3,disgust,6,3,0
03-01-07-01-01-02-12.wav,Actor_12,female,3,disgust,6,2,0
03-01-07-02-01-01-12.wav,Actor_12,female,3,disgust,6,6,1
03-01-07-02-01-02-12.wav,Actor_12,female,3,disgust,6,6,1
03-01-07-01-02-01-12.wav,Actor_12,female,3,disgust,6,0,0
03-01-07-01-02-02-12.wav,Actor_12,female,3,disgust,6,7,0
03-01-07-02-02-01-12.wav,Actor_12,female,3,disgust,6,4,0
03-01-07-02-02-02-12.wav,Actor_12,female,3,disgust,6,4,0
03-01-08-01-01-01-12.wav,Actor_12,female,3,surprised,7,7,1
03-01-08-01-01-02-12.wav,Actor_12,female,3,surprised,7,7,1
03-01-08-02-01-01-12.wav,Actor_12,female,3,surprised,7,7,1
03-01-08-02-01-02-12.wav,Actor_12,female,3,surprised,7,7,1
03-01-08-01-02-01-12.wav,Actor_12,female,3,surprised,7,7,1
03-01-08-01-02-02-12.wav,Actor_12,female,3,surprised,7,7,1
03-01-08-02-02-01-12.wav,Actor_12,female,3,surprised,7,7,1
03-01-08-02-02-02-12.wav,Actor_12,female,3,surprised,7,7,1
03-01-01-01-01-01-17.wav,Actor_17,male,3,neutral,0,0,1
03-01-01-01-01-02-17.wav,Actor_17,male,3,neutral,0,2,0
03-01-01-01-02-01-17.wav,Actor_17,male,3,neutral,0,2,0
03-01-01-01-02-02-17.wav,Actor_17,male,3,neutral,0,2,0
03-01-02-01-01-01-17.wav,Actor_17,male,3,calm,1,3,0
03-01-02-01-01-02-17.wav,Actor_17,male,3,calm,1,2,0
03-01-02-02-01-01-17.wav,Actor_17,male,3,calm,1,1,1
03-01-02-02-01-02-17.wav,Actor_17,male,3,calm,1,3,0
03-01-02-01-02-01-17.wav,Actor_17,male,3,calm,1,2,0
03-01-02-01-02-02-17.wav,Actor_17,male,3,calm,1,3,0
03-01-02-02-02-01-17.wav,Actor_17,male,3,calm,1,1,1
03-01-02-02-02-02-17.wav,Actor_17,male,3,calm,1,3,0
03-01-03-01-01-01-17.wav,Actor_17,male,3,happy,2,5,0
03-01-03-01-01-02-17.wav,Actor_17,male,3,happy,2,5,0
03-01-03-02-01-01-17.wav,Actor_17,male,3,happy,2,7,0
03-01-03-02-01-02-17.wav,Actor_17,male,3,happy,2,7,0
03-01-03-01-02-01-17.wav,Actor_17,male,3,happy,2,2,1
03-01-03-01-02-02-17.wav,Actor_17,male,3,happy,2,5,0
03-01-03-02-02-01-17.wav,Actor_17,male,3,happy,2,2,1
03-01-03-02-02-02-17.wav,Actor_17,male,3,happy,2,4,0
03-01-04-01-01-01-17.wav,Actor_17,male,3,sad,3,5,0
03-01-04-01-01-02-17.wav,Actor_17,male,3,sad,3,2,0
03-01-04-02-01-01-17.wav,Actor_17,male,3,sad,3,5,0
03-01-04-02-01-02-17.wav,Actor_17,male,3,sad,3,5,0
03-01-04-01-02-01-17.wav,Actor_17,male,3,sad,3,3,1
03-01-04-01-02-02-17.wav,Actor_17,male,3,sad,3,2,0
03-01-04-02-02-01-17.wav,Actor_17,male,3,sad,3,5,0
03-01-04-02-02-02-17.wav,Actor_17,male,3,sad,3,5,0
03-01-05-01-01-01-17.wav,Actor_17,male,3,angry,4,3,0
03-01-05-01-01-02-17.wav,Actor_17,male,3,angry,4,2,0
03-01-05-02-01-01-17.wav,Actor_17,male,3,angry,4,5,0
03-01-05-02-01-02-17.wav,Actor_17,male,3,angry,4,4,1
03-01-05-01-02-01-17.wav,Actor_17,male,3,angry,4,2,0
03-01-05-01-02-02-17.wav,Actor_17,male,3,angry,4,2,0
03-01-05-02-02-01-17.wav,Actor_17,male,3,angry,4,4,1
03-01-05-02-02-02-17.wav,Actor_17,male,3,angry,4,4,1
03-01-06-01-01-01-17.wav,Actor_17,male,3,fearful,5,5,1
03-01-06-01-01-02-17.wav,Actor_17,male,3,fearful,5,5,1
03-01-06-02-01-01-17.wav,Actor_17,male,3,fearful,5,5,1
03-01-06-02-01-02-17.wav,Actor_17,male,3,fearful,5,5,1
03-01-06-01-02-01-17.wav,Actor_17,male,3,fearful,5,5,1
03-01-06-01-02-02-17.wav,Actor_17,male,3,fearful,5,5,1
03-01-06-02-02-01-17.wav,Actor_17,male,3,fearful,5,5,1
03-01-06-02-02-02-17.wav,Actor_17,male,3,fearful,5,4,0
03-01-07-01-01-01-17.wav,Actor_17,male,3,disgust,6,6,1
03-01-07-01-01-02-17.wav,Actor_17,male,3,disgust,6,6,1
03-01-07-02-01-01-17.wav,Actor_17,male,3,disgust,6,6,1
03-01-07-02-01-02-17.wav,Actor_17,male,3,disgust,6,6,1
03-01-07-01-02-01-17.wav,Actor_17,male,3,disgust,6,3,0
03-01-07-01-02-02-17.wav,Actor_17,male,3,disgust,6,3,0
03-01-07-02-02-01-17.wav,Actor_17,male,3,disgust,6,6,1
03-01-07-02-02-02-17.wav,Actor_17,male,3,disgust,6,6,1
03-01-08-01-01-01-17.wav,Actor_17,male,3,surprised,7,2,0
03-01-08-01-01-02-17.wav,Actor_17,male,3,surprised,7,7,1
03-01-08-02-01-01-17.wav,Actor_17,male,3,surprised,7,7,1
03-01-08-02-01-02-17.wav,Actor_17,male,3,surprised,7,6,0
03-01-08-01-02-01-17.wav,Actor_17,male,3,surprised,7,7,1
03-01-08-01-02-02-17.wav,Actor_17,male,3,surprised,7,7,1
03-01-08-02-02-01-17.wav,Actor_17,male,3,surprised,7,7,1
03-01-08-02-02-02-17.wav,Actor_17,male,3,surprised,7,7,1
03-01-01-01-01-01-18.wav,Actor_18,female,3,neutral,0,3,0
03-01-01-01-01-02-18.wav,Actor_18,female,3,neutral,0,0,1
03-01-01-01-02-01-18.wav,Actor_18,female,3,neutral,0,1,0
03-01-01-01-02-02-18.wav,Actor_18,female,3,neutral,0,0,1
03-01-02-01-01-01-18.wav,Actor_18,female,3,calm,1,3,0
03-01-02-01-01-02-18.wav,Actor_18,female,3,calm,1,0,0
03-01-02-02-01-01-18.wav,Actor_18,female,3,calm,1,1,1
03-01-02-02-01-02-18.wav,Actor_18,female,3,calm,1,1,1
03-01-02-01-02-01-18.wav,Actor_18,female,3,calm,1,1,1
03-01-02-01-02-02-18.wav,Actor_18,female,3,calm,1,1,1
03-01-02-02-02-01-18.wav,Actor_18,female,3,calm,1,1,1
03-01-02-02-02-02-18.wav,Actor_18,female,3,calm,1,1,1
03-01-03-01-01-01-18.wav,Actor_18,female,3,happy,2,7,0
03-01-03-01-01-02-18.wav,Actor_18,female,3,happy,2,5,0
03-01-03-02-01-01-18.wav,Actor_18,female,3,happy,2,5,0
03-01-03-02-01-02-18.wav,Actor_18,female,3,happy,2,5,0
03-01-03-01-02-01-18.wav,Actor_18,female,3,happy,2,2,1
03-01-03-01-02-02-18.wav,Actor_18,female,3,happy,2,2,1
03-01-03-02-02-01-18.wav,Actor_18,female,3,happy,2,5,0
03-01-03-02-02-02-18.wav,Actor_18,female,3,happy,2,5,0
03-01-04-01-01-01-18.wav,Actor_18,female,3,sad,3,2,0
03-01-04-01-01-02-18.wav,Actor_18,female,3,sad,3,2,0
03-01-04-02-01-01-18.wav,Actor_18,female,3,sad,3,5,0
03-01-04-02-01-02-18.wav,Actor_18,female,3,sad,3,5,0
03-01-04-01-02-01-18.wav,Actor_18,female,3,sad,3,1,0
03-01-04-01-02-02-18.wav,Actor_18,female,3,sad,3,0,0
03-01-04-02-02-01-18.wav,Actor_18,female,3,sad,3,4,0
03-01-04-02-02-02-18.wav,Actor_18,female,3,sad,3,4,0
03-01-05-01-01-01-18.wav,Actor_18,female,3,angry,4,4,1
03-01-05-01-01-02-18.wav,Actor_18,female,3,angry,4,6,0
03-01-05-02-01-01-18.wav,Actor_18,female,3,angry,4,4,1
03-01-05-02-01-02-18.wav,Actor_18,female,3,angry,4,4,1
03-01-05-01-02-01-18.wav,Actor_18,female,3,angry,4,7,0
03-01-05-01-02-02-18.wav,Actor_18,female,3,angry,4,2,0
03-01-05-02-02-01-18.wav,Actor_18,female,3,angry,4,4,1
03-01-05-02-02-02-18.wav,Actor_18,female,3,angry,4,4,1
03-01-06-01-01-01-18.wav,Actor_18,female,3,fearful,5,5,1
03-01-06-01-01-02-18.wav,Actor_18,female,3,fearful,5,2,0
03-01-06-02-01-01-18.wav,Actor_18,female,3,fearful,5,5,1
03-01-06-02-01-02-18.wav,Actor_18,female,3,fearful,5,4,0
03-01-06-01-02-01-18.wav,Actor_18,female,3,fearful,5,5,1
03-01-06-01-02-02-18.wav,Actor_18,female,3,fearful,5,5,1
03-01-06-02-02-01-18.wav,Actor_18,female,3,fearful,5,4,0
03-01-06-02-02-02-18.wav,Actor_18,female,3,fearful,5,4,0
03-01-07-01-01-01-18.wav,Actor_18,female,3,disgust,6,6,1
03-01-07-01-01-02-18.wav,Actor_18,female,3,disgust,6,6,1
03-01-07-02-01-01-18.wav,Actor_18,female,3,disgust,6,4,0
03-01-07-02-01-02-18.wav,Actor_18,female,3,disgust,6,6,1
03-01-07-01-02-01-18.wav,Actor_18,female,3,disgust,6,7,0
03-01-07-01-02-02-18.wav,Actor_18,female,3,disgust,6,6,1
03-01-07-02-02-01-18.wav,Actor_18,female,3,disgust,6,6,1
03-01-07-02-02-02-18.wav,Actor_18,female,3,disgust,6,4,0
03-01-08-01-01-01-18.wav,Actor_18,female,3,surprised,7,7,1
03-01-08-01-01-02-18.wav,Actor_18,female,3,surprised,7,7,1
03-01-08-02-01-01-18.wav,Actor_18,female,3,surprised,7,7,1
03-01-08-02-01-02-18.wav,Actor_18,female,3,surprised,7,7,1
03-01-08-01-02-01-18.wav,Actor_18,female,3,surprised,7,7,1
03-01-08-01-02-02-18.wav,Actor_18,female,3,surprised,7,7,1
03-01-08-02-02-01-18.wav,Actor_18,female,3,surprised,7,7,1
03-01-08-02-02-02-18.wav,Actor_18,female,3,surprised,7,7,1
03-01-01-01-01-01-04.wav,Actor_04,female,4,neutral,0,3,0
03-01-01-01-01-02-04.wav,Actor_04,female,4,neutral,0,3,0
03-01-01-01-02-01-04.wav,Actor_04,female,4,neutral,0,0,1
03-01-01-01-02-02-04.wav,Actor_04,female,4,neutral,0,0,1
03-01-02-01-01-01-04.wav,Actor_04,female,4,calm,1,3,0
03-01-02-01-01-02-04.wav,Actor_04,female,4,calm,1,6,0
03-01-02-02-01-01-04.wav,Actor_04,female,4,calm,1,1,1
03-01-02-02-01-02-04.wav,Actor_04,female,4,calm,1,3,0
03-01-02-01-02-01-04.wav,Actor_04,female,4,calm,1,1,1
03-01-02-01-02-02-04.wav,Actor_04,female,4,calm,1,3,0
03-01-02-02-02-01-04.wav,Actor_04,female,4,calm,1,1,1
03-01-02-02-02-02-04.wav,Actor_04,female,4,calm,1,1,1
03-01-03-01-01-01-04.wav,Actor_04,female,4,happy,2,2,1
03-01-03-01-01-02-04.wav,Actor_04,female,4,happy,2,7,0
03-01-03-02-01-01-04.wav,Actor_04,female,4,happy,2,2,1
03-01-03-02-01-02-04.wav,Actor_04,female,4,happy,2,2,1
03-01-03-01-02-01-04.wav,Actor_04,female,4,happy,2,2,1
03-01-03-01-02-02-04.wav,Actor_04,female,4,happy,2,2,1
03-01-03-02-02-01-04.wav,Actor_04,female,4,happy,2,2,1
03-01-03-02-02-02-04.wav,Actor_04,female,4,happy,2,4,0
03-01-04-01-01-01-04.wav,Actor_04,female,4,sad,3,0,0
03-01-04-01-01-02-04.wav,Actor_04,female,4,sad,3,2,0
03-01-04-02-01-01-04.wav,Actor_04,female,4,sad,3,3,1
03-01-04-02-01-02-04.wav,Actor_04,female,4,sad,3,5,0
03-01-04-01-02-01-04.wav,Actor_04,female,4,sad,3,2,0
03-01-04-01-02-02-04.wav,Actor_04,female,4,sad,3,3,1
03-01-04-02-02-01-04.wav,Actor_04,female,4,sad,3,5,0
03-01-04-02-02-02-04.wav,Actor_04,female,4,sad,3,3,1
03-01-05-01-01-01-04.wav,Actor_04,female,4,angry,4,6,0
03-01-05-01-01-02-04.wav,Actor_04,female,4,angry,4,4,1
03-01-05-02-01-01-04.wav,Actor_04,female,4,angry,4,4,1
03-01-05-02-01-02-04.wav,Actor_04,female,4,angry,4,4,1
03-01-05-01-02-01-04.wav,Actor_04,female,4,angry,4,2,0
03-01-05-01-02-02-04.wav,Actor_04,female,4,angry,4,4,1
03-01-05-02-02-01-04.wav,Actor_04,female,4,angry,4,4,1
03-01-05-02-02-02-04.wav,Actor_04,female,4,angry,4,4,1
03-01-06-01-01-01-04.wav,Actor_04,female,4,fearful,5,5,1
03-01-06-01-01-02-04.wav,Actor_04,female,4,fearful,5,5,1
03-01-06-02-01-01-04.wav,Actor_04,female,4,fearful,5,5,1
03-01-06-02-01-02-04.wav,Actor_04,female,4,fearful,5,5,1
03-01-06-01-02-01-04.wav,Actor_04,female,4,fearful,5,5,1
03-01-06-01-02-02-04.wav,Actor_04,female,4,fearful,5,5,1
03-01-06-02-02-01-04.wav,Actor_04,female,4,fearful,5,4,0
03-01-06-02-02-02-04.wav,Actor_04,female,4,fearful,5,2,0
03-01-07-01-01-01-04.wav,Actor_04,female,4,disgust,6,6,1
03-01-07-01-01-02-04.wav,Actor_04,female,4,disgust,6,6,1
03-01-07-02-01-01-04.wav,Actor_04,female,4,disgust,6,4,0
03-01-07-02-01-02-04.wav,Actor_04,female,4,disgust,6,6,1
03-01-07-01-02-01-04.wav,Actor_04,female,4,disgust,6,6,1
03-01-07-01-02-02-04.wav,Actor_04,female,4,disgust,6,3,0
03-01-07-02-02-01-04.wav,Actor_04,female,4,disgust,6,6,1
03-01-07-02-02-02-04.wav,Actor_04,female,4,disgust,6,6,1
03-01-08-01-01-01-04.wav,Actor_04,female,4,surprised,7,7,1
03-01-08-01-01-02-04.wav,Actor_04,female,4,surprised,7,7,1
03-01-08-02-01-01-04.wav,Actor_04,female,4,surprised,7,7,1
03-01-08-02-01-02-04.wav,Actor_04,female,4,surprised,7,2,0
03-01-08-01-02-01-04.wav,Actor_04,female,4,surprised,7,2,0
03-01-08-01-02-02-04.wav,Actor_04,female,4,surprised,7,7,1
03-01-08-02-02-01-04.wav,Actor_04,female,4,surprised,7,2,0
03-01-08-02-02-02-04.wav,Actor_04,female,4,surprised,7,2,0
03-01-01-01-01-01-11.wav,Actor_11,male,4,neutral,0,1,0
03-01-01-01-01-02-11.wav,Actor_11,male,4,neutral,0,1,0
03-01-01-01-02-01-11.wav,Actor_11,male,4,neutral,0,1,0
03-01-01-01-02-02-11.wav,Actor_11,male,4,neutral,0,1,0
03-01-02-01-01-01-11.wav,Actor_11,male,4,calm,1,1,1
03-01-02-01-01-02-11.wav,Actor_11,male,4,calm,1,3,0
03-01-02-02-01-01-11.wav,Actor_11,male,4,calm,1,1,1
03-01-02-02-01-02-11.wav,Actor_11,male,4,calm,1,1,1
03-01-02-01-02-01-11.wav,Actor_11,male,4,calm,1,1,1
03-01-02-01-02-02-11.wav,Actor_11,male,4,calm,1,1,1
03-01-02-02-02-01-11.wav,Actor_11,male,4,calm,1,1,1
03-01-02-02-02-02-11.wav,Actor_11,male,4,calm,1,1,1
03-01-03-01-01-01-11.wav,Actor_11,male,4,happy,2,1,0
03-01-03-01-01-02-11.wav,Actor_11,male,4,happy,2,1,0
03-01-03-02-01-01-11.wav,Actor_11,male,4,happy,2,4,0
03-01-03-02-01-02-11.wav,Actor_11,male,4,happy,2,2,1
03-01-03-01-02-01-11.wav,Actor_11,male,4,happy,2,1,0
03-01-03-01-02-02-11.wav,Actor_11,male,4,happy,2,1,0
03-01-03-02-02-01-11.wav,Actor_11,male,4,happy,2,3,0
03-01-03-02-02-02-11.wav,Actor_11,male,4,happy,2,2,1
03-01-04-01-01-01-11.wav,Actor_11,male,4,sad,3,1,0
03-01-04-01-01-02-11.wav,Actor_11,male,4,sad,3,1,0
03-01-04-02-01-01-11.wav,Actor_11,male,4,sad,3,5,0
03-01-04-02-01-02-11.wav,Actor_11,male,4,sad,3,3,1
03-01-04-01-02-01-11.wav,Actor_11,male,4,sad,3,1,0
03-01-04-01-02-02-11.wav,Actor_11,male,4,sad,3,1,0
03-01-04-02-02-01-11.wav,Actor_11,male,4,sad,3,5,0
03-01-04-02-02-02-11.wav,Actor_11,male,4,sad,3,6,0
03-01-05-01-01-01-11.wav,Actor_11,male,4,angry,4,4,1
03-01-05-01-01-02-11.wav,Actor_11,male,4,angry,4,4,1
03-01-05-02-01-01-11.wav,Actor_11,male,4,angry,4,4,1
03-01-05-02-01-02-11.wav,Actor_11,male,4,angry,4,4,1
03-01-05-01-02-01-11.wav,Actor_11,male,4,angry,4,2,0
03-01-05-01-02-02-11.wav,Actor_11,male,4,angry,4,6,0
03-01-05-02-02-01-11.wav,Actor_11,male,4,angry,4,4,1
03-01-05-02-02-02-11.wav,Actor_11,male,4,angry,4,4,1
03-01-06-01-01-01-11.wav,Actor_11,male,4,fearful,5,5,1
03-01-06-01-01-02-11.wav,Actor_11,male,4,fearful,5,5,1
03-01-06-02-01-01-11.wav,Actor_11,male,4,fearful,5,5,1
03-01-06-02-01-02-11.wav,Actor_11,male,4,fearful,5,5,1
03-01-06-01-02-01-11.wav,Actor_11,male,4,fearful,5,5,1
03-01-06-01-02-02-11.wav,Actor_11,male,4,fearful,5,5,1
03-01-06-02-02-01-11.wav,Actor_11,male,4,fearful,5,5,1
03-01-06-02-02-02-11.wav,Actor_11,male,4,fearful,5,5,1
03-01-07-01-01-01-11.wav,Actor_11,male,4,disgust,6,6,1
03-01-07-01-01-02-11.wav,Actor_11,male,4,disgust,6,6,1
03-01-07-02-01-01-11.wav,Actor_11,male,4,disgust,6,6,1
03-01-07-02-01-02-11.wav,Actor_11,male,4,disgust,6,1,0
03-01-07-01-02-01-11.wav,Actor_11,male,4,disgust,6,6,1
03-01-07-01-02-02-11.wav,Actor_11,male,4,disgust,6,6,1
03-01-07-02-02-01-11.wav,Actor_11,male,4,disgust,6,1,0
03-01-07-02-02-02-11.wav,Actor_11,male,4,disgust,6,1,0
03-01-08-01-01-01-11.wav,Actor_11,male,4,surprised,7,5,0
03-01-08-01-01-02-11.wav,Actor_11,male,4,surprised,7,5,0
03-01-08-02-01-01-11.wav,Actor_11,male,4,surprised,7,5,0
03-01-08-02-01-02-11.wav,Actor_11,male,4,surprised,7,5,0
03-01-08-01-02-01-11.wav,Actor_11,male,4,surprised,7,5,0
03-01-08-01-02-02-11.wav,Actor_11,male,4,surprised,7,5,0
03-01-08-02-02-01-11.wav,Actor_11,male,4,surprised,7,5,0
03-01-08-02-02-02-11.wav,Actor_11,male,4,surprised,7,5,0
03-01-01-01-01-01-15.wav,Actor_15,male,4,neutral,0,0,1
03-01-01-01-01-02-15.wav,Actor_15,male,4,neutral,0,3,0
03-01-01-01-02-01-15.wav,Actor_15,male,4,neutral,0,2,0
03-01-01-01-02-02-15.wav,Actor_15,male,4,neutral,0,3,0
03-01-02-01-01-01-15.wav,Actor_15,male,4,calm,1,1,1
03-01-02-01-01-02-15.wav,Actor_15,male,4,calm,1,1,1
03-01-02-02-01-01-15.wav,Actor_15,male,4,calm,1,1,1
03-01-02-02-01-02-15.wav,Actor_15,male,4,calm,1,1,1
03-01-02-01-02-01-15.wav,Actor_15,male,4,calm,1,1,1
03-01-02-01-02-02-15.wav,Actor_15,male,4,calm,1,1,1
03-01-02-02-02-01-15.wav,Actor_15,male,4,calm,1,1,1
03-01-02-02-02-02-15.wav,Actor_15,male,4,calm,1,1,1
03-01-03-01-01-01-15.wav,Actor_15,male,4,happy,2,2,1
03-01-03-01-01-02-15.wav,Actor_15,male,4,happy,2,2,1
03-01-03-02-01-01-15.wav,Actor_15,male,4,happy,2,2,1
03-01-03-02-01-02-15.wav,Actor_15,male,4,happy,2,2,1
03-01-03-01-02-01-15.wav,Actor_15,male,4,happy,2,2,1
03-01-03-01-02-02-15.wav,Actor_15,male,4,happy,2,2,1
03-01-03-02-02-01-15.wav,Actor_15,male,4,happy,2,4,0
03-01-03-02-02-02-15.wav,Actor_15,male,4,happy,2,2,1
03-01-04-01-01-01-15.wav,Actor_15,male,4,sad,3,2,0
03-01-04-01-01-02-15.wav,Actor_15,male,4,sad,3,3,1
03-01-04-02-01-01-15.wav,Actor_15,male,4,sad,3,5,0
03-01-04-02-01-02-15.wav,Actor_15,male,4,sad,3,5,0
03-01-04-01-02-01-15.wav,Actor_15,male,4,sad,3,5,0
03-01-04-01-02-02-15.wav,Actor_15,male,4,sad,3,5,0
03-01-04-02-02-01-15.wav,Actor_15,male,4,sad,3,3,1
03-01-04-02-02-02-15.wav,Actor_15,male,4,sad,3,3,1
03-01-05-01-01-01-15.wav,Actor_15,male,4,angry,4,2,0
03-01-05-01-01-02-15.wav,Actor_15,male,4,angry,4,4,1
03-01-05-02-01-01-15.wav,Actor_15,male,4,angry,4,4,1
03-01-05-02-01-02-15.wav,Actor_15,male,4,angry,4,4,1
03-01-05-01-02-01-15.wav,Actor_15,male,4,angry,4,2,0
03-01-05-01-02-02-15.wav,Actor_15,male,4,angry,4,4,1
03-01-05-02-02-01-15.wav,Actor_15,male,4,angry,4,4,1
03-01-05-02-02-02-15.wav,Actor_15,male,4,angry,4,4,1
03-01-06-01-01-01-15.wav,Actor_15,male,4,fearful,5,5,1
03-01-06-01-01-02-15.wav,Actor_15,male,4,fearful,5,5,1
03-01-06-02-01-01-15.wav,Actor_15,male,4,fearful,5,5,1
03-01-06-02-01-02-15.wav,Actor_15,male,4,fearful,5,5,1
03-01-06-01-02-01-15.wav,Actor_15,male,4,fearful,5,5,1
03-01-06-01-02-02-15.wav,Actor_15,male,4,fearful,5,5,1
03-01-06-02-02-01-15.wav,Actor_15,male,4,fearful,5,5,1
03-01-06-02-02-02-15.wav,Actor_15,male,4,fearful,5,5,1
03-01-07-01-01-01-15.wav,Actor_15,male,4,disgust,6,1,0
03-01-07-01-01-02-15.wav,Actor_15,male,4,disgust,6,3,0
03-01-07-02-01-01-15.wav,Actor_15,male,4,disgust,6,4,0
03-01-07-02-01-02-15.wav,Actor_15,male,4,disgust,6,3,0
03-01-07-01-02-01-15.wav,Actor_15,male,4,disgust,6,1,0
03-01-07-01-02-02-15.wav,Actor_15,male,4,disgust,6,6,1
03-01-07-02-02-01-15.wav,Actor_15,male,4,disgust,6,5,0
03-01-07-02-02-02-15.wav,Actor_15,male,4,disgust,6,6,1
03-01-08-01-01-01-15.wav,Actor_15,male,4,surprised,7,3,0
03-01-08-01-01-02-15.wav,Actor_15,male,4,surprised,7,2,0
03-01-08-02-01-01-15.wav,Actor_15,male,4,surprised,7,2,0
03-01-08-02-01-02-15.wav,Actor_15,male,4,surprised,7,2,0
03-01-08-01-02-01-15.wav,Actor_15,male,4,surprised,7,3,0
03-01-08-01-02-02-15.wav,Actor_15,male,4,surprised,7,2,0
03-01-08-02-02-01-15.wav,Actor_15,male,4,surprised,7,2,0
03-01-08-02-02-02-15.wav,Actor_15,male,4,surprised,7,5,0
03-01-01-01-01-01-20.wav,Actor_20,female,4,neutral,0,0,1
03-01-01-01-01-02-20.wav,Actor_20,female,4,neutral,0,3,0
03-01-01-01-02-01-20.wav,Actor_20,female,4,neutral,0,6,0
03-01-01-01-02-02-20.wav,Actor_20,female,4,neutral,0,1,0
03-01-02-01-01-01-20.wav,Actor_20,female,4,calm,1,1,1
03-01-02-01-01-02-20.wav,Actor_20,female,4,calm,1,1,1
03-01-02-02-01-01-20.wav,Actor_20,female,4,calm,1,1,1
03-01-02-02-01-02-20.wav,Actor_20,female,4,calm,1,1,1
03-01-02-01-02-01-20.wav,Actor_20,female,4,calm,1,6,0
03-01-02-01-02-02-20.wav,Actor_20,female,4,calm,1,3,0
03-01-02-02-02-01-20.wav,Actor_20,female,4,calm,1,1,1
03-01-02-02-02-02-20.wav,Actor_20,female,4,calm,1,3,0
03-01-03-01-01-01-20.wav,Actor_20,female,4,happy,2,2,1
03-01-03-01-01-02-20.wav,Actor_20,female,4,happy,2,3,0
03-01-03-02-01-01-20.wav,Actor_20,female,4,happy,2,2,1
03-01-03-02-01-02-20.wav,Actor_20,female,4,happy,2,3,0
03-01-03-01-02-01-20.wav,Actor_20,female,4,happy,2,3,0
03-01-03-01-02-02-20.wav,Actor_20,female,4,happy,2,2,1
03-01-03-02-02-01-20.wav,Actor_20,female,4,happy,2,5,0
03-01-03-02-02-02-20.wav,Actor_20,female,4,happy,2,5,0
03-01-04-01-01-01-20.wav,Actor_20,female,4,sad,3,1,0
03-01-04-01-01-02-20.wav,Actor_20,female,4,sad,3,5,0
03-01-04-02-01-01-20.wav,Actor_20,female,4,sad,3,3,1
03-01-04-02-01-02-20.wav,Actor_20,female,4,sad,3,3,1
03-01-04-01-02-01-20.wav,Actor_20,female,4,sad,3,6,0
03-01-04-01-02-02-20.wav,Actor_20,female,4,sad,3,5,0
03-01-04-02-02-01-20.wav,Actor_20,female,4,sad,3,3,1
03-01-04-02-02-02-20.wav,Actor_20,female,4,sad,3,3,1
03-01-05-01-01-01-20.wav,Actor_20,female,4,angry,4,5,0
03-01-05-01-01-02-20.wav,Actor_20,female,4,angry,4,5,0
03-01-05-02-01-01-20.wav,Actor_20,female,4,angry,4,4,1
03-01-05-02-01-02-20.wav,Actor_20,female,4,angry,4,4,1
03-01-05-01-02-01-20.wav,Actor_20,female,4,angry,4,6,0
03-01-05-01-02-02-20.wav,Actor_20,female,4,angry,4,4,1
03-01-05-02-02-01-20.wav,Actor_20,female,4,angry,4,4,1
03-01-05-02-02-02-20.wav,Actor_20,female,4,angry,4,2,0
03-01-06-01-01-01-20.wav,Actor_20,female,4,fearful,5,3,0
03-01-06-01-01-02-20.wav,Actor_20,female,4,fearful,5,5,1
03-01-06-02-01-01-20.wav,Actor_20,female,4,fearful,5,5,1
03-01-06-02-01-02-20.wav,Actor_20,female,4,fearful,5,5,1
03-01-06-01-02-01-20.wav,Actor_20,female,4,fearful,5,5,1
03-01-06-01-02-02-20.wav,Actor_20,female,4,fearful,5,1,0
03-01-06-02-02-01-20.wav,Actor_20,female,4,fearful,5,4,0
03-01-06-02-02-02-20.wav,Actor_20,female,4,fearful,5,5,1
03-01-07-01-01-01-20.wav,Actor_20,female,4,disgust,6,6,1
03-01-07-01-01-02-20.wav,Actor_20,female,4,disgust,6,6,1
03-01-07-02-01-01-20.wav,Actor_20,female,4,disgust,6,6,1
03-01-07-02-01-02-20.wav,Actor_20,female,4,disgust,6,6,1
03-01-07-01-02-01-20.wav,Actor_20,female,4,disgust,6,6,1
03-01-07-01-02-02-20.wav,Actor_20,female,4,disgust,6,6,1
03-01-07-02-02-01-20.wav,Actor_20,female,4,disgust,6,6,1
03-01-07-02-02-02-20.wav,Actor_20,female,4,disgust,6,6,1
03-01-08-01-01-01-20.wav,Actor_20,female,4,surprised,7,5,0
03-01-08-01-01-02-20.wav,Actor_20,female,4,surprised,7,7,1
03-01-08-02-01-01-20.wav,Actor_20,female,4,surprised,7,5,0
03-01-08-02-01-02-20.wav,Actor_20,female,4,surprised,7,7,1
03-01-08-01-02-01-20.wav,Actor_20,female,4,surprised,7,5,0
03-01-08-01-02-02-20.wav,Actor_20,female,4,surprised,7,5,0
03-01-08-02-02-01-20.wav,Actor_20,female,4,surprised,7,5,0
03-01-08-02-02-02-20.wav,Actor_20,female,4,surprised,7,5,0
